-- phpMyAdmin SQL Dump
-- version 4.1.12
-- http://www.phpmyadmin.net
--
-- Host: 127.0.0.1
-- Generation Time: Mar 18, 2015 at 02:21 AM
-- Server version: 5.6.16
-- PHP Version: 5.5.11

SET SQL_MODE = "NO_AUTO_VALUE_ON_ZERO";
SET time_zone = "+00:00";


/*!40101 SET @OLD_CHARACTER_SET_CLIENT=@@CHARACTER_SET_CLIENT */;
/*!40101 SET @OLD_CHARACTER_SET_RESULTS=@@CHARACTER_SET_RESULTS */;
/*!40101 SET @OLD_COLLATION_CONNECTION=@@COLLATION_CONNECTION */;
/*!40101 SET NAMES utf8 */;

--
-- Database: `kiosk`
--

-- --------------------------------------------------------

--
-- Table structure for table `academic_year_t`
--

CREATE TABLE IF NOT EXISTS `academic_year_t` (
  `ay_id` int(5) NOT NULL AUTO_INCREMENT,
  `year_start` int(5) DEFAULT NULL,
  `year_end` int(5) DEFAULT NULL,
  PRIMARY KEY (`ay_id`)
) ENGINE=InnoDB  DEFAULT CHARSET=latin1 AUTO_INCREMENT=8 ;

--
-- Dumping data for table `academic_year_t`
--

INSERT INTO `academic_year_t` (`ay_id`, `year_start`, `year_end`) VALUES
(1, 2014, 2015),
(7, 2015, 2016);

-- --------------------------------------------------------

--
-- Table structure for table `accounting_journal_t`
--

CREATE TABLE IF NOT EXISTS `accounting_journal_t` (
  `trans_id` int(11) NOT NULL AUTO_INCREMENT,
  `student_id` varchar(11) NOT NULL,
  `sem_id` int(11) NOT NULL,
  `trans_date` datetime NOT NULL,
  `trans_code` varchar(32) NOT NULL,
  `ref_no` varchar(32) NOT NULL,
  `particulars` varchar(64) NOT NULL,
  `debit` float DEFAULT NULL,
  `credit` float DEFAULT NULL,
  `bal` float DEFAULT NULL,
  PRIMARY KEY (`trans_id`),
  KEY `student_id` (`student_id`),
  KEY `sem_id` (`sem_id`)
) ENGINE=InnoDB  DEFAULT CHARSET=latin1 AUTO_INCREMENT=64 ;

--
-- Dumping data for table `accounting_journal_t`
--

INSERT INTO `accounting_journal_t` (`trans_id`, `student_id`, `sem_id`, `trans_date`, `trans_code`, `ref_no`, `particulars`, `debit`, `credit`, `bal`) VALUES
(1, '2010-40725', 12, '2013-06-07 10:56:00', 'REG', '167541', 'Enrollment', 3942, 0, 3942),
(2, '2010-40725', 12, '2013-06-07 10:56:00', 'OR', '3460376C', 'Payment: Enrollment: 167541', 0, 3942, 0),
(3, '2010-45803', 12, '2013-06-07 10:56:00', 'REG', '167556', 'Enrollment', 3942, 0, 3942),
(4, '2010-45803', 12, '2013-06-07 10:56:00', 'OR', '3460391C', 'Payment: Enrollment: 167556', 0, 3942, 0),
(5, '2010-46800', 12, '2013-06-07 10:56:00', 'REG', '167568', 'Enrollment', 3942, 0, 3942),
(6, '2010-46800', 12, '2013-06-07 10:56:00', 'OR', '3460403C', 'Payment: Enrollment: 167568', 0, 3942, 0),
(7, '2010-47805', 12, '2013-06-07 10:56:00', 'REG', '167524', 'Enrollment', 3942, 0, 3942),
(8, '2010-47805', 12, '2013-06-07 10:56:00', 'OR', '3460359C', 'Payment: Enrollment: 167524', 0, 3942, 0),
(9, '2010-50117', 12, '2013-06-07 10:56:00', 'REG', '167587', 'Enrollment', 3942, 0, 3942),
(10, '2010-50117', 12, '2013-06-07 10:56:00', 'OR', '3460422C', 'Payment: Enrollment: 167587', 0, 3942, 0),
(11, '2011-40943', 12, '2013-06-05 10:56:00', 'REG', '167489', 'Enrollment', 3942, 0, 3942),
(12, '2011-40943', 12, '2013-06-05 10:56:00', 'OR', '3460324C', 'Payment: Enrollment: 167489', 0, 3942, 0),
(13, '2011-41265', 12, '2013-06-06 10:56:00', 'REG', '167491', 'Enrollment', 3942, 0, 3942),
(14, '2011-41265', 12, '2013-06-06 10:56:00', 'OR', '3460326C', 'Payment: Enrollment: 167491', 0, 3942, 0),
(15, '2011-41973', 12, '2013-06-07 10:56:00', 'REG', '167498', 'Enrollment', 3942, 0, 3942),
(16, '2011-41973', 12, '2013-06-07 10:56:00', 'OR', '3460333C', 'Payment: Enrollment: 167498', 0, 3942, 0),
(17, '2011-42006', 12, '2013-06-07 10:56:00', 'REG', '167543', 'Enrollment', 3942, 0, 3942),
(18, '2011-42006', 12, '2013-06-07 10:56:00', 'OR', '3460378C', 'Payment: Enrollment: 167543', 0, 3942, 0),
(19, '2011-42079', 12, '2013-06-07 10:56:00', 'REG', '167500', 'Enrollment', 3942, 0, 3942),
(20, '2011-42079', 12, '2013-06-07 10:56:00', 'OR', '3460335C', 'Payment: Enrollment: 167500', 0, 3942, 0),
(21, '2011-42574', 12, '2013-06-07 10:56:00', 'REG', '167503', 'Enrollment', 3942, 0, 3942),
(22, '2011-42574', 12, '2013-06-07 10:56:00', 'OR', '3460338C', 'Payment: Enrollment: 167503', 0, 3942, 0),
(23, '2011-43346', 12, '2013-06-12 09:50:00', 'REG', '167488', 'Enrollment', 3942, 0, 3942),
(24, '2011-43346', 12, '2013-06-12 03:00:00', 'OR', '3460323C', 'Payment: Enrollment: 167488', 0, 3942, 0),
(25, '2011-43346', 12, '2013-06-07 10:56:00', 'REG', '167508', 'Enrollment', 3942, 0, 3942),
(26, '2011-43346', 12, '2013-06-07 10:56:00', 'OR', '3460343C', 'Payment: Enrollment: 167508', 0, 3942, 0),
(27, '2011-43700', 12, '2013-06-07 10:56:00', 'REG', '167509', 'Enrollment', 3942, 0, 3942),
(28, '2011-43700', 12, '2013-06-07 10:56:00', 'OR', '3460344C', 'Payment: Enrollment: 167509', 0, 3942, 0),
(29, '2011-45086', 12, '2013-06-07 10:56:00', 'REG', '167511', 'Enrollment', 3942, 0, 3942),
(30, '2011-45086', 12, '2013-06-07 10:56:00', 'OR', '3460346C', 'Payment: Enrollment: 167511', 0, 3942, 0),
(31, '2011-45156', 12, '2013-06-07 10:56:00', 'REG', '167512', 'Enrollment', 3942, 0, 3942),
(32, '2011-45156', 12, '2013-06-07 10:56:00', 'OR', '3460347C', 'Payment: Enrollment: 167512', 0, 3942, 0),
(33, '2011-45358', 12, '2013-06-07 10:56:00', 'REG', '167553', 'Enrollment', 3942, 0, 3942),
(34, '2011-45358', 12, '2013-06-07 10:56:00', 'OR', '3460388C', 'Payment: Enrollment: 167553', 0, 3942, 0),
(35, '2011-45383', 12, '2013-06-07 10:56:00', 'REG', '167554', 'Enrollment', 3942, 0, 3942),
(36, '2011-45383', 12, '2013-06-07 10:56:00', 'OR', '3460389C', 'Payment: Enrollment: 167554', 0, 3942, 0),
(37, '2011-47254', 12, '2013-06-07 10:56:00', 'REG', '167567', 'Enrollment', 3942, 0, 3942),
(38, '2011-47254', 12, '2013-06-07 10:56:00', 'OR', '3460402C', 'Payment: Enrollment: 167567', 0, 3942, 0),
(39, '2011-48564', 12, '2013-06-07 10:56:00', 'REG', '167523', 'Enrollment', 3942, 0, 3942),
(40, '2011-48564', 12, '2013-06-07 10:56:00', 'OR', '3460358C', 'Payment: Enrollment: 167523', 0, 3942, 0),
(41, '2011-49020', 12, '2013-06-07 10:56:00', 'REG', '167573', 'Enrollment', 3942, 0, 3942),
(42, '2011-49020', 12, '2013-06-07 10:56:00', 'OR', '3460408C', 'Payment: Enrollment: 167573', 0, 3942, 0),
(43, '2011-49295', 12, '2013-06-07 10:56:00', 'REG', '167526', 'Enrollment', 3942, 0, 3942),
(44, '2011-49295', 12, '2013-06-07 10:56:00', 'OR', '3460361C', 'Payment: Enrollment: 167526', 0, 3942, 0),
(45, '2011-49947', 12, '2013-06-07 10:56:00', 'REG', '167579', 'Enrollment', 3942, 0, 3942),
(46, '2011-49947', 12, '2013-06-07 10:56:00', 'OR', '3460414C', 'Payment: Enrollment: 167579', 0, 3942, 0),
(47, '2011-50577', 12, '2013-06-07 10:56:00', 'REG', '167582', 'Enrollment', 3942, 0, 3942),
(48, '2011-50577', 12, '2013-06-07 10:56:00', 'OR', '3460417C', 'Payment: Enrollment: 167582', 0, 3942, 0),
(49, '2011-50922', 12, '2013-06-07 10:56:00', 'REG', '167585', 'Enrollment', 3942, 0, 3942),
(50, '2011-50922', 12, '2013-06-07 10:56:00', 'OR', '3460420C', 'Payment: Enrollment: 167585', 0, 3942, 0),
(51, '2011-51668', 12, '2013-06-07 10:56:00', 'REG', '167589', 'Enrollment', 3942, 0, 3942),
(52, '2011-51668', 12, '2013-06-07 10:56:00', 'OR', '3460424C', 'Payment: Enrollment: 167589', 0, 3942, 0),
(53, '2011-52758', 12, '2013-06-07 10:56:00', 'REG', '167575', 'Enrollment', 3942, 0, 3942),
(54, '2011-52758', 12, '2013-06-07 10:56:00', 'OR', '3460410C', 'Payment: Enrollment: 167575', 0, 3942, 0),
(55, '2011-56897', 12, '2013-06-05 10:56:00', 'REG', '167487', 'Enrollment', 3942, 0, 3942),
(56, '2011-56897', 12, '2013-06-10 09:14:00', 'OR', '3460349C', 'Payment: Enrollment: 167487', 0, 3942, 0),
(57, '2011-56897', 12, '2013-06-07 10:56:00', 'REG', '167499', 'Enrollment', 3942, 0, 3942),
(58, '07-1609', 12, '2013-06-08 10:56:00', 'OR', '3460334C', 'Payment: Enrollment: 188499', 0, 3942, 0),
(59, '2011-43346', 12, '2013-06-12 09:50:00', 'REG', '267488', 'Enrollment', 3942, 0, 3942),
(60, '2011-43346', 12, '2013-06-12 03:00:00', 'OR', '13460323C', 'Payment: Enrollment: 267488', 0, 3942, 0),
(61, '2011-43346', 12, '2013-06-07 10:56:00', 'REG', '267508', 'Enrollment', 3942, 0, 3942),
(62, '2011-43346', 12, '2013-06-07 10:56:00', 'OR', '13460343C', 'Payment: Enrollment: 267508', 0, 3942, 0),
(63, '07-1609', 12, '2013-06-07 10:56:00', 'REG', '188499', 'Enrollment', 3942, 0, 3942);

-- --------------------------------------------------------

--
-- Table structure for table `accounting_ledger_t`
--

CREATE TABLE IF NOT EXISTS `accounting_ledger_t` (
  `trans_id` int(11) NOT NULL AUTO_INCREMENT,
  `trans_date` date NOT NULL,
  `trans_code` varchar(32) NOT NULL,
  `ref_no` varchar(32) NOT NULL,
  `particulars` varchar(64) NOT NULL,
  `debit` float DEFAULT NULL,
  `credit` float DEFAULT NULL,
  `bal` float DEFAULT NULL,
  PRIMARY KEY (`trans_id`)
) ENGINE=InnoDB DEFAULT CHARSET=latin1 AUTO_INCREMENT=1 ;

-- --------------------------------------------------------

--
-- Table structure for table `account_t`
--

CREATE TABLE IF NOT EXISTS `account_t` (
  `account_no` int(6) NOT NULL AUTO_INCREMENT,
  `username` varchar(255) DEFAULT NULL,
  `password` varchar(255) DEFAULT NULL,
  `type` enum('admin','personnel','student') DEFAULT NULL,
  `status` enum('0','1') DEFAULT NULL,
  `priv_admin` tinyint(1) DEFAULT NULL,
  `priv_bull` tinyint(1) DEFAULT NULL,
  `priv_cms1` tinyint(1) DEFAULT NULL,
  `priv_cms2` tinyint(1) DEFAULT NULL,
  `priv_cms3` tinyint(1) DEFAULT NULL,
  `priv_ois1` tinyint(1) DEFAULT NULL,
  `priv_ois2` tinyint(1) DEFAULT NULL,
  PRIMARY KEY (`account_no`)
) ENGINE=InnoDB  DEFAULT CHARSET=latin1 AUTO_INCREMENT=18 ;

--
-- Dumping data for table `account_t`
--

INSERT INTO `account_t` (`account_no`, `username`, `password`, `type`, `status`, `priv_admin`, `priv_bull`, `priv_cms1`, `priv_cms2`, `priv_cms3`, `priv_ois1`, `priv_ois2`) VALUES
(2, 'lanymaceda', '2', 'personnel', '0', 0, 1, 0, 0, 0, 0, 0),
(3, 'mbrogadaz', 'kick', 'personnel', '1', 1, 1, 0, 0, 0, 0, 0),
(4, 'jackielynn', 'jackster', 'admin', '1', NULL, NULL, NULL, NULL, NULL, NULL, NULL),
(8, 'master', 'pet315', 'admin', '1', 1, 1, 1, 1, 1, 1, 1),
(10, 'kiosk_admin', '12345', 'admin', '1', 0, 0, 1, 0, 0, 1, 1),
(11, 'rheen', 'ariola', 'student', '1', 0, 1, 0, 0, 0, 0, 0),
(14, 'bevs', 'mira', 'student', '1', 0, 1, 0, 0, 0, 0, 0),
(15, 'rmendones', '123', 'personnel', '1', 1, 1, 1, 1, 1, 1, 1),
(16, 'jllovido', '123', 'personnel', '1', 1, 1, 1, 1, 1, 1, 1),
(17, 'christiansy', '12345', 'personnel', '1', 1, 1, 1, 1, 1, 1, 1);

-- --------------------------------------------------------

--
-- Table structure for table `attachment_t`
--

CREATE TABLE IF NOT EXISTS `attachment_t` (
  `attachment_id` int(11) NOT NULL AUTO_INCREMENT,
  `post_id` int(5) DEFAULT NULL,
  `attachment_name` varchar(100) DEFAULT NULL,
  PRIMARY KEY (`attachment_id`),
  KEY `post_id` (`post_id`)
) ENGINE=InnoDB  DEFAULT CHARSET=latin1 AUTO_INCREMENT=40 ;

--
-- Dumping data for table `attachment_t`
--

INSERT INTO `attachment_t` (`attachment_id`, `post_id`, `attachment_name`) VALUES
(28, 36, 'formal.jpg'),
(29, 37, '1045253_496481037097050_1412077442_n.jpg'),
(30, 38, '1069328_434174490014519_823104521_n.png'),
(31, 39, '14286_354422604738964_6814632276795905568_n.jpg'),
(32, 40, '10868020_806855956019120_2346944153780880402_n.jpg'),
(33, 41, '10593218_939265859420798_5396667704489925380_n.jpg'),
(34, 43, 'ch27.pdf'),
(35, 44, '248046_2912912680150_5302857_n.jpg'),
(36, 45, '542384_2928181821869_1812401319_n.jpg'),
(37, 46, '10565226_303504639830761_969736453051352697_n.jpg'),
(38, 47, '1660517_597158093696010_2125298856_n.jpg'),
(39, 48, 'formal.jpg');

-- --------------------------------------------------------

--
-- Table structure for table `attendance_t`
--

CREATE TABLE IF NOT EXISTS `attendance_t` (
  `attendance_id` int(12) NOT NULL AUTO_INCREMENT,
  `event_id` int(5) DEFAULT NULL,
  `student_id` varchar(32) DEFAULT NULL,
  PRIMARY KEY (`attendance_id`),
  KEY `event_id` (`event_id`),
  KEY `student_id` (`student_id`)
) ENGINE=InnoDB DEFAULT CHARSET=latin1 AUTO_INCREMENT=1 ;

-- --------------------------------------------------------

--
-- Table structure for table `building_t`
--

CREATE TABLE IF NOT EXISTS `building_t` (
  `building_code` varchar(32) NOT NULL,
  `building_name` varchar(64) DEFAULT NULL,
  `campus_id` int(5) DEFAULT NULL,
  PRIMARY KEY (`building_code`),
  KEY `campus_id` (`campus_id`)
) ENGINE=InnoDB DEFAULT CHARSET=latin1;

--
-- Dumping data for table `building_t`
--

INSERT INTO `building_t` (`building_code`, `building_name`, `campus_id`) VALUES
('csb1', 'csb1', NULL),
('csb2', 'csb2', NULL),
('csb3', 'csb3', NULL),
('csb4', 'csb4', NULL);

-- --------------------------------------------------------

--
-- Table structure for table `campus_t`
--

CREATE TABLE IF NOT EXISTS `campus_t` (
  `campus_id` int(5) NOT NULL AUTO_INCREMENT,
  `campus_name` varchar(64) DEFAULT NULL,
  PRIMARY KEY (`campus_id`)
) ENGINE=InnoDB DEFAULT CHARSET=latin1 AUTO_INCREMENT=1 ;

-- --------------------------------------------------------

--
-- Table structure for table `class_schedule_t`
--

CREATE TABLE IF NOT EXISTS `class_schedule_t` (
  `schedule_id` int(12) NOT NULL AUTO_INCREMENT,
  `class_id` int(12) DEFAULT NULL,
  `day` int(2) DEFAULT NULL,
  `time_start` time DEFAULT NULL,
  `time_end` time DEFAULT NULL,
  `room_code` varchar(32) DEFAULT NULL,
  PRIMARY KEY (`schedule_id`),
  KEY `class_id` (`class_id`),
  KEY `day` (`day`),
  KEY `room_code` (`room_code`)
) ENGINE=InnoDB  DEFAULT CHARSET=latin1 AUTO_INCREMENT=8321 ;

--
-- Dumping data for table `class_schedule_t`
--

INSERT INTO `class_schedule_t` (`schedule_id`, `class_id`, `day`, `time_start`, `time_end`, `room_code`) VALUES
(7880, 3699, 3, '18:00:00', '20:00:00', 'csb4_107'),
(7881, 3699, 2, '13:00:00', '16:00:00', 'csb2_202'),
(7882, 3699, 4, '13:00:00', '16:00:00', 'csb2_202'),
(7883, 3700, 2, '16:00:00', '18:00:00', 'csb4_102'),
(7884, 3700, 1, '13:00:00', '16:00:00', 'csb2_202'),
(7885, 3700, 3, '13:00:00', '16:00:00', 'csb2_202'),
(7886, 3701, 2, '10:30:00', '12:30:00', 'csb4_102'),
(7887, 3701, 1, '09:00:00', '12:00:00', 'csb2_202'),
(7888, 3701, 3, '09:00:00', '12:00:00', 'csb2_202'),
(7889, 3702, 1, '16:00:00', '18:00:00', 'csb4_102'),
(7890, 3702, 5, '09:00:00', '12:00:00', 'csb2_206'),
(7891, 3703, 4, '10:30:00', '12:30:00', 'csb4_103'),
(7892, 3703, 2, '09:00:00', '10:30:00', 'csb2_206'),
(7893, 3703, 4, '09:00:00', '10:30:00', 'csb2_206'),
(7894, 3704, 1, '18:00:00', '20:00:00', 'csb4_107'),
(7895, 3704, 4, '16:00:00', '19:00:00', 'csb2_202'),
(7896, 3705, 2, '08:30:00', '10:30:00', 'csb4_103'),
(7897, 3705, 3, '09:00:00', '12:00:00', 'csb2_102'),
(7898, 3706, 4, '08:30:00', '10:30:00', 'csb4_102'),
(7899, 3706, 1, '09:00:00', '12:00:00', 'csb2_102'),
(7900, 3707, 3, '16:00:00', '18:00:00', 'csb4_105'),
(7901, 3707, 2, '13:00:00', '16:00:00', 'csb2_101'),
(7902, 3708, 4, '13:00:00', '15:00:00', 'csb4_102'),
(7903, 3708, 2, '10:30:00', '12:00:00', 'csb2_102'),
(7904, 3708, 4, '10:30:00', '12:00:00', 'csb2_102'),
(7905, 3709, 2, '16:00:00', '18:00:00', 'csb4_101'),
(7906, 3709, 4, '16:00:00', '19:00:00', 'csb2_105'),
(7907, 3710, 2, '13:00:00', '14:30:00', 'csb4_101'),
(7908, 3710, 4, '13:00:00', '14:30:00', 'csb4_101'),
(7909, 3711, 3, '09:00:00', '10:30:00', 'csb4_102'),
(7910, 3711, 5, '09:00:00', '10:30:00', 'csb4_102'),
(7911, 3712, 2, '10:30:00', '12:00:00', 'csb2_206'),
(7912, 3712, 4, '10:30:00', '12:00:00', 'csb2_206'),
(7913, 3713, 1, '13:00:00', '16:00:00', 'csb2_105'),
(7914, 3714, 4, '08:30:00', '10:30:00', 'csb4_103'),
(7915, 3714, 1, '09:00:00', '12:00:00', 'csb2_105'),
(7916, 3715, 3, '16:00:00', '18:00:00', 'csb4_104'),
(7917, 3715, 1, '16:00:00', '19:00:00', 'csb2_206'),
(7918, 3716, 4, '13:00:00', '15:00:00', 'csb4_103'),
(7919, 3716, 3, '09:00:00', '12:00:00', 'csb2_105'),
(7920, 3717, 1, '10:30:00', '12:30:00', 'csb4_103'),
(7921, 3717, 3, '13:00:00', '16:00:00', 'csb2_105'),
(7922, 3718, 2, '13:00:00', '15:00:00', 'csb4_104'),
(7923, 3718, 3, '16:00:00', '19:00:00', 'csb2_206'),
(7924, 3719, 1, '13:00:00', '16:00:00', 'csb2_103'),
(7925, 3720, 2, '10:30:00', '12:00:00', 'csb2_201'),
(7926, 3720, 4, '10:30:00', '12:00:00', 'csb2_201'),
(7927, 3721, 2, '15:00:00', '16:30:00', 'csb4_104'),
(7928, 3721, 4, '15:00:00', '16:30:00', 'csb4_104'),
(7929, 3722, 2, '16:30:00', '18:00:00', 'csb4_104'),
(7930, 3722, 4, '16:30:00', '18:00:00', 'csb4_104'),
(7931, 3723, 2, '13:00:00', '15:00:00', 'csb4_103'),
(7932, 3723, 4, '16:00:00', '19:00:00', 'csb2_205'),
(7933, 3724, 3, '10:30:00', '12:30:00', 'csb4_103'),
(7934, 3724, 1, '16:00:00', '19:00:00', 'csb2_201'),
(7935, 3725, 4, '13:00:00', '15:00:00', 'csb4_104'),
(7936, 3725, 2, '16:00:00', '19:00:00', 'csb2_205'),
(7937, 3726, 2, '09:00:00', '12:00:00', NULL),
(7938, 3726, 1, '13:00:00', '16:00:00', NULL),
(7939, 3726, 3, '13:00:00', '16:00:00', NULL),
(7940, 3727, 2, '09:00:00', '10:30:00', 'csb4_104'),
(7941, 3727, 4, '09:00:00', '10:30:00', 'csb4_104'),
(7942, 3728, 1, '10:30:00', '12:00:00', 'csb4_102'),
(7943, 3728, 3, '10:30:00', '12:00:00', 'csb4_102'),
(7944, 3729, 1, '17:30:00', '19:00:00', 'csb4_103'),
(7945, 3729, 3, '17:30:00', '19:00:00', 'csb4_103'),
(7946, 3730, 2, '17:30:00', '19:00:00', 'csb4_103'),
(7947, 3730, 4, '17:30:00', '19:00:00', 'csb4_103'),
(7948, 3731, 3, '09:00:00', '10:30:00', 'csb4_101'),
(7949, 3731, 5, '17:30:00', '19:00:00', 'csb4_103'),
(7950, 3732, 6, '09:00:00', '12:00:00', 'csb4_102'),
(7951, 3733, 5, '08:30:00', '10:30:00', 'csb4_104'),
(7952, 3733, 3, '09:00:00', '12:00:00', 'csb2_104'),
(7953, 3734, 1, '13:00:00', '15:00:00', 'csb4_104'),
(7954, 3734, 2, '09:00:00', '12:00:00', 'csb2_104'),
(7955, 3735, 2, '00:30:00', '02:30:00', 'csb4_105'),
(7956, 3735, 2, '14:30:00', '16:00:00', 'csb2_102'),
(7957, 3735, 4, '14:30:00', '16:00:00', 'csb2_102'),
(7958, 3736, 4, '00:30:00', '02:30:00', 'csb4_105'),
(7959, 3736, 2, '16:00:00', '17:30:00', 'csb2_102'),
(7960, 3736, 4, '16:00:00', '17:30:00', 'csb2_102'),
(7961, 3737, 3, '13:00:00', '15:00:00', 'csb4_105'),
(7962, 3737, 1, '16:00:00', '17:30:00', 'csb2_102'),
(7963, 3737, 3, '16:00:00', '17:30:00', 'csb2_102'),
(7964, 3738, 1, '18:00:00', '20:00:00', 'csb4_104'),
(7965, 3738, 3, '17:30:00', '20:30:00', 'csb2_102'),
(7966, 3739, 2, '08:30:00', '10:30:00', 'csb4_101'),
(7967, 3739, 1, '13:00:00', '16:00:00', 'csb2_201'),
(7968, 3739, 3, '13:00:00', '16:00:00', 'csb2_201'),
(7969, 3740, 1, '10:30:00', '12:30:00', 'csb4_101'),
(7970, 3740, 3, '09:00:00', '12:00:00', 'csb2_201'),
(7971, 3740, 5, '09:00:00', '12:00:00', 'csb2_201'),
(7972, 3741, 2, '10:30:00', '12:30:00', 'csb4_104'),
(7973, 3741, 1, '16:00:00', '19:00:00', 'csb2_202'),
(7974, 3741, 3, '16:00:00', '19:00:00', 'csb2_202'),
(7975, 3742, 2, '13:00:00', '16:00:00', 'csb2_201'),
(7976, 3742, 4, '13:00:00', '16:00:00', 'csb2_201'),
(7977, 3742, 4, '08:30:00', '10:30:00', 'csb4_101'),
(7978, 3743, 4, '13:00:00', '15:00:00', 'csb2_104'),
(7979, 3743, 2, '13:00:00', '16:00:00', 'csb2_104'),
(7980, 3744, 5, '13:00:00', '16:00:00', 'csb2_104'),
(7981, 3744, 3, '00:30:00', '02:30:00', 'csb2_104'),
(7982, 3745, 2, '10:30:00', '12:30:00', 'csb4_103'),
(7983, 3745, 4, '09:00:00', '12:00:00', 'csb2_104'),
(7984, 3746, 5, '08:30:00', '10:30:00', 'csb4_105'),
(7985, 3746, 1, '09:00:00', '12:00:00', 'csb2_104'),
(7986, 3747, 5, '10:30:00', '12:30:00', 'csb4_105'),
(7987, 3747, 1, '13:00:00', '16:00:00', 'csb4_104'),
(7988, 3748, 4, '15:00:00', '17:00:00', 'csb2_104'),
(7989, 3748, 1, '16:00:00', '19:00:00', 'csb4_104'),
(7990, 3749, 3, '14:30:00', '17:30:00', 'csb2_101'),
(7991, 3749, 5, '16:00:00', '18:00:00', 'csb4_104'),
(7992, 3750, 3, '17:00:00', '20:00:00', 'csb4_101'),
(7993, 3751, 2, '15:00:00', '16:30:00', 'csb4_103'),
(7994, 3751, 4, '15:00:00', '16:30:00', 'csb4_103'),
(7995, 3752, 2, '10:30:00', '12:00:00', 'csb4_105'),
(7996, 3752, 4, '10:30:00', '12:00:00', 'csb4_105'),
(7997, 3753, 1, '08:30:00', '10:30:00', 'csb4_102'),
(7998, 3753, 3, '09:00:00', '12:00:00', 'csb2_205'),
(7999, 3753, 5, '09:00:00', '12:00:00', 'csb2_205'),
(8000, 3754, 1, '13:00:00', '15:00:00', 'csb4_102'),
(8001, 3754, 2, '09:00:00', '12:00:00', 'csb2_205'),
(8002, 3754, 4, '09:00:00', '12:00:00', 'csb2_205'),
(8003, 3755, 1, '10:30:00', '12:30:00', 'csb4_104'),
(8004, 3755, 1, '16:00:00', '19:00:00', 'csb2_205'),
(8005, 3755, 3, '16:00:00', '19:00:00', 'csb2_205'),
(8006, 3756, 1, '16:00:00', '18:00:00', 'csb4_101'),
(8007, 3756, 2, '13:00:00', '16:00:00', 'csb2_206'),
(8008, 3756, 4, '13:00:00', '16:00:00', 'csb2_206'),
(8009, 3757, 4, '16:00:00', '18:00:00', 'csb4_101'),
(8010, 3757, 1, '13:00:00', '16:00:00', 'csb2_206'),
(8011, 3757, 3, '13:00:00', '16:00:00', 'csb2_206'),
(8012, 3758, 4, '10:30:00', '12:30:00', 'csb4_101'),
(8013, 3758, 1, '09:00:00', '12:00:00', 'csb2_206'),
(8014, 3758, 3, '09:00:00', '12:00:00', 'csb2_206'),
(8015, 3759, 5, '09:00:00', '12:00:00', 'csb2_202'),
(8016, 3760, 5, '13:00:00', '16:00:00', 'csb2_202'),
(8017, 3761, 2, '09:00:00', '12:00:00', 'csb2_202'),
(8018, 3762, 2, '08:30:00', '10:30:00', 'csb4_102'),
(8019, 3763, 1, '13:00:00', '16:00:00', 'csb2_205'),
(8020, 3763, 3, '13:00:00', '16:00:00', 'csb2_205'),
(8021, 3764, 2, '13:00:00', '16:00:00', 'csb2_205'),
(8022, 3764, 4, '13:00:00', '16:00:00', 'csb2_205'),
(8023, 3764, 3, '17:30:00', '19:30:00', 'csb4_102'),
(8024, 3765, 3, '09:00:00', '12:00:00', 'csb4_104'),
(8025, 3766, 1, '16:00:00', '17:30:00', 'csb4_103'),
(8026, 3766, 3, '16:00:00', '17:30:00', 'csb4_103'),
(8174, 3835, 3, '18:00:00', '20:00:00', 'csb4_107'),
(8175, 3835, 2, '13:00:00', '16:00:00', 'csb2_202'),
(8176, 3835, 4, '13:00:00', '16:00:00', 'csb2_202'),
(8177, 3836, 2, '16:00:00', '18:00:00', 'csb4_102'),
(8178, 3836, 1, '13:00:00', '16:00:00', 'csb2_202'),
(8179, 3836, 3, '13:00:00', '16:00:00', 'csb2_202'),
(8180, 3837, 2, '10:30:00', '12:30:00', 'csb4_102'),
(8181, 3837, 1, '09:00:00', '12:00:00', 'csb2_202'),
(8182, 3837, 3, '09:00:00', '12:00:00', 'csb2_202'),
(8183, 3838, 1, '16:00:00', '18:00:00', 'csb4_102'),
(8184, 3838, 5, '09:00:00', '12:00:00', 'csb2_206'),
(8185, 3839, 4, '10:30:00', '12:30:00', 'csb4_103'),
(8186, 3839, 2, '09:00:00', '10:30:00', 'csb2_206'),
(8187, 3839, 4, '09:00:00', '10:30:00', 'csb2_206'),
(8188, 3840, 1, '18:00:00', '20:00:00', 'csb4_107'),
(8189, 3840, 4, '16:00:00', '19:00:00', 'csb2_202'),
(8190, 3841, 2, '08:30:00', '10:30:00', 'csb4_103'),
(8191, 3841, 3, '09:00:00', '12:00:00', 'csb2_102'),
(8192, 3842, 4, '08:30:00', '10:30:00', 'csb4_102'),
(8193, 3842, 1, '09:00:00', '12:00:00', 'csb2_102'),
(8194, 3843, 3, '16:00:00', '18:00:00', 'csb4_105'),
(8195, 3843, 2, '13:00:00', '16:00:00', 'csb2_101'),
(8196, 3844, 4, '13:00:00', '15:00:00', 'csb4_102'),
(8197, 3844, 2, '10:30:00', '12:00:00', 'csb2_102'),
(8198, 3844, 4, '10:30:00', '12:00:00', 'csb2_102'),
(8199, 3845, 2, '16:00:00', '18:00:00', 'csb4_101'),
(8200, 3845, 4, '16:00:00', '19:00:00', 'csb2_105'),
(8201, 3846, 2, '13:00:00', '14:30:00', 'csb4_101'),
(8202, 3846, 4, '13:00:00', '14:30:00', 'csb4_101'),
(8203, 3847, 3, '09:00:00', '10:30:00', 'csb4_102'),
(8204, 3847, 5, '09:00:00', '10:30:00', 'csb4_102'),
(8205, 3848, 2, '10:30:00', '12:00:00', 'csb2_206'),
(8206, 3848, 4, '10:30:00', '12:00:00', 'csb2_206'),
(8207, 3849, 1, '13:00:00', '16:00:00', 'csb2_105'),
(8208, 3850, 4, '08:30:00', '10:30:00', 'csb4_103'),
(8209, 3850, 1, '09:00:00', '12:00:00', 'csb2_105'),
(8210, 3851, 3, '16:00:00', '18:00:00', 'csb4_104'),
(8211, 3851, 1, '16:00:00', '19:00:00', 'csb2_206'),
(8212, 3852, 4, '13:00:00', '15:00:00', 'csb4_103'),
(8213, 3852, 3, '09:00:00', '12:00:00', 'csb2_105'),
(8214, 3853, 1, '10:30:00', '12:30:00', 'csb4_103'),
(8215, 3853, 3, '13:00:00', '16:00:00', 'csb2_105'),
(8216, 3854, 2, '13:00:00', '15:00:00', 'csb4_104'),
(8217, 3854, 3, '16:00:00', '19:00:00', 'csb2_206'),
(8218, 3855, 1, '13:00:00', '16:00:00', 'csb2_103'),
(8219, 3856, 2, '10:30:00', '12:00:00', 'csb2_201'),
(8220, 3856, 4, '10:30:00', '12:00:00', 'csb2_201'),
(8221, 3857, 2, '15:00:00', '16:30:00', 'csb4_104'),
(8222, 3857, 4, '15:00:00', '16:30:00', 'csb4_104'),
(8223, 3858, 2, '16:30:00', '18:00:00', 'csb4_104'),
(8224, 3858, 4, '16:30:00', '18:00:00', 'csb4_104'),
(8225, 3859, 2, '13:00:00', '15:00:00', 'csb4_103'),
(8226, 3859, 4, '16:00:00', '19:00:00', 'csb2_205'),
(8227, 3860, 3, '10:30:00', '12:30:00', 'csb4_103'),
(8228, 3860, 1, '16:00:00', '19:00:00', 'csb2_201'),
(8229, 3861, 4, '13:00:00', '15:00:00', 'csb4_104'),
(8230, 3861, 2, '16:00:00', '19:00:00', 'csb2_205'),
(8231, 3862, 2, '09:00:00', '12:00:00', NULL),
(8232, 3862, 1, '13:00:00', '16:00:00', NULL),
(8233, 3862, 3, '13:00:00', '16:00:00', NULL),
(8234, 3863, 2, '09:00:00', '10:30:00', 'csb4_104'),
(8235, 3863, 4, '09:00:00', '10:30:00', 'csb4_104'),
(8236, 3864, 1, '10:30:00', '12:00:00', 'csb4_102'),
(8237, 3864, 3, '10:30:00', '12:00:00', 'csb4_102'),
(8238, 3865, 1, '17:30:00', '19:00:00', 'csb4_103'),
(8239, 3865, 3, '17:30:00', '19:00:00', 'csb4_103'),
(8240, 3866, 2, '17:30:00', '19:00:00', 'csb4_103'),
(8241, 3866, 4, '17:30:00', '19:00:00', 'csb4_103'),
(8242, 3867, 3, '09:00:00', '10:30:00', 'csb4_101'),
(8243, 3867, 5, '17:30:00', '19:00:00', 'csb4_103'),
(8244, 3868, 6, '09:00:00', '12:00:00', 'csb4_102'),
(8245, 3869, 5, '08:30:00', '10:30:00', 'csb4_104'),
(8246, 3869, 3, '09:00:00', '12:00:00', 'csb2_104'),
(8247, 3870, 1, '13:00:00', '15:00:00', 'csb4_104'),
(8248, 3870, 2, '09:00:00', '12:00:00', 'csb2_104'),
(8249, 3871, 2, '00:30:00', '02:30:00', 'csb4_105'),
(8250, 3871, 2, '14:30:00', '16:00:00', 'csb2_102'),
(8251, 3871, 4, '14:30:00', '16:00:00', 'csb2_102'),
(8252, 3872, 4, '00:30:00', '02:30:00', 'csb4_105'),
(8253, 3872, 2, '16:00:00', '17:30:00', 'csb2_102'),
(8254, 3872, 4, '16:00:00', '17:30:00', 'csb2_102'),
(8255, 3873, 3, '13:00:00', '15:00:00', 'csb4_105'),
(8256, 3873, 1, '16:00:00', '17:30:00', 'csb2_102'),
(8257, 3873, 3, '16:00:00', '17:30:00', 'csb2_102'),
(8258, 3874, 1, '18:00:00', '20:00:00', 'csb4_104'),
(8259, 3874, 3, '17:30:00', '20:30:00', 'csb2_102'),
(8260, 3875, 2, '08:30:00', '10:30:00', 'csb4_101'),
(8261, 3875, 1, '13:00:00', '16:00:00', 'csb2_201'),
(8262, 3875, 3, '13:00:00', '16:00:00', 'csb2_201'),
(8263, 3876, 1, '10:30:00', '12:30:00', 'csb4_101'),
(8264, 3876, 3, '09:00:00', '12:00:00', 'csb2_201'),
(8265, 3876, 5, '09:00:00', '12:00:00', 'csb2_201'),
(8266, 3877, 2, '10:30:00', '12:30:00', 'csb4_104'),
(8267, 3877, 1, '16:00:00', '19:00:00', 'csb2_202'),
(8268, 3877, 3, '16:00:00', '19:00:00', 'csb2_202'),
(8269, 3878, 2, '13:00:00', '16:00:00', 'csb2_201'),
(8270, 3878, 4, '13:00:00', '16:00:00', 'csb2_201'),
(8271, 3878, 4, '08:30:00', '10:30:00', 'csb4_101'),
(8272, 3879, 4, '13:00:00', '15:00:00', 'csb2_104'),
(8273, 3879, 2, '13:00:00', '16:00:00', 'csb2_104'),
(8274, 3880, 5, '13:00:00', '16:00:00', 'csb2_104'),
(8275, 3880, 3, '00:30:00', '02:30:00', 'csb2_104'),
(8276, 3881, 2, '10:30:00', '12:30:00', 'csb4_103'),
(8277, 3881, 4, '09:00:00', '12:00:00', 'csb2_104'),
(8278, 3882, 5, '08:30:00', '10:30:00', 'csb4_105'),
(8279, 3882, 1, '09:00:00', '12:00:00', 'csb2_104'),
(8280, 3883, 5, '10:30:00', '12:30:00', 'csb4_105'),
(8281, 3883, 1, '13:00:00', '16:00:00', 'csb4_104'),
(8282, 3884, 4, '15:00:00', '17:00:00', 'csb2_104'),
(8283, 3884, 1, '16:00:00', '19:00:00', 'csb4_104'),
(8284, 3885, 3, '14:30:00', '17:30:00', 'csb2_101'),
(8285, 3885, 5, '16:00:00', '18:00:00', 'csb4_104'),
(8286, 3886, 3, '17:00:00', '20:00:00', 'csb4_101'),
(8287, 3887, 2, '15:00:00', '16:30:00', 'csb4_103'),
(8288, 3887, 4, '15:00:00', '16:30:00', 'csb4_103'),
(8289, 3888, 2, '10:30:00', '12:00:00', 'csb4_105'),
(8290, 3888, 4, '10:30:00', '12:00:00', 'csb4_105'),
(8291, 3889, 1, '08:30:00', '10:30:00', 'csb4_102'),
(8292, 3889, 3, '09:00:00', '12:00:00', 'csb2_205'),
(8293, 3889, 5, '09:00:00', '12:00:00', 'csb2_205'),
(8294, 3890, 1, '13:00:00', '15:00:00', 'csb4_102'),
(8295, 3890, 2, '09:00:00', '12:00:00', 'csb2_205'),
(8296, 3890, 4, '09:00:00', '12:00:00', 'csb2_205'),
(8297, 3891, 1, '10:30:00', '12:30:00', 'csb4_104'),
(8298, 3891, 1, '16:00:00', '19:00:00', 'csb2_205'),
(8299, 3891, 3, '16:00:00', '19:00:00', 'csb2_205'),
(8300, 3892, 1, '16:00:00', '18:00:00', 'csb4_101'),
(8301, 3892, 2, '13:00:00', '16:00:00', 'csb2_206'),
(8302, 3892, 4, '13:00:00', '16:00:00', 'csb2_206'),
(8303, 3893, 4, '16:00:00', '18:00:00', 'csb4_101'),
(8304, 3893, 1, '13:00:00', '16:00:00', 'csb2_206'),
(8305, 3893, 3, '13:00:00', '16:00:00', 'csb2_206'),
(8306, 3894, 4, '10:30:00', '12:30:00', 'csb4_101'),
(8307, 3894, 1, '09:00:00', '12:00:00', 'csb2_206'),
(8308, 3894, 3, '09:00:00', '12:00:00', 'csb2_206'),
(8309, 3895, 5, '09:00:00', '12:00:00', 'csb2_202'),
(8310, 3896, 5, '13:00:00', '16:00:00', 'csb2_202'),
(8311, 3897, 2, '09:00:00', '12:00:00', 'csb2_202'),
(8312, 3898, 2, '08:30:00', '10:30:00', 'csb4_102'),
(8313, 3899, 1, '13:00:00', '16:00:00', 'csb2_205'),
(8314, 3899, 3, '13:00:00', '16:00:00', 'csb2_205'),
(8315, 3900, 2, '13:00:00', '16:00:00', 'csb2_205'),
(8316, 3900, 4, '13:00:00', '16:00:00', 'csb2_205'),
(8317, 3900, 3, '17:30:00', '19:30:00', 'csb4_102'),
(8318, 3901, 3, '09:00:00', '12:00:00', 'csb4_104'),
(8319, 3902, 1, '16:00:00', '17:30:00', 'csb4_103'),
(8320, 3902, 3, '16:00:00', '17:30:00', 'csb4_103');

-- --------------------------------------------------------

--
-- Table structure for table `class_t`
--

CREATE TABLE IF NOT EXISTS `class_t` (
  `class_id` int(12) NOT NULL AUTO_INCREMENT,
  `faculty_id` varchar(32) DEFAULT NULL,
  `sem_id` int(5) DEFAULT NULL,
  `subject_id` int(11) DEFAULT NULL,
  `course_code` varchar(16) DEFAULT NULL,
  `year_level` int(4) DEFAULT NULL,
  `block_name` varchar(16) DEFAULT NULL,
  `block_id` int(11) DEFAULT NULL,
  PRIMARY KEY (`class_id`),
  KEY `faculty_id` (`faculty_id`),
  KEY `sem_id` (`sem_id`),
  KEY `course_code` (`course_code`),
  KEY `block_id` (`block_id`),
  KEY `subject_id` (`subject_id`)
) ENGINE=InnoDB  DEFAULT CHARSET=latin1 COMMENT='edited attribs' AUTO_INCREMENT=3903 ;

--
-- Dumping data for table `class_t`
--

INSERT INTO `class_t` (`class_id`, `faculty_id`, `sem_id`, `subject_id`, `course_code`, `year_level`, `block_name`, `block_id`) VALUES
(3699, '2005-005-80', 11, 149, NULL, NULL, NULL, 844),
(3700, '2005-005-80', 11, 149, NULL, NULL, NULL, 845),
(3701, '2005-005-80', 11, 149, NULL, NULL, NULL, 846),
(3702, '2005-005-80', 11, 150, NULL, NULL, NULL, 847),
(3703, '2005-005-80', 11, 150, NULL, NULL, NULL, 848),
(3704, '2005-005-80', 11, 150, NULL, NULL, NULL, 849),
(3705, '2011-005-76', 11, 151, NULL, NULL, NULL, 850),
(3706, '2011-005-76', 11, 151, NULL, NULL, NULL, 851),
(3707, '2011-005-76', 11, 150, NULL, NULL, NULL, 852),
(3708, '2011-005-76', 11, 150, NULL, NULL, NULL, 853),
(3709, '2011-005-76', 11, 150, NULL, NULL, NULL, 854),
(3710, '2012-005-82', 11, 152, NULL, NULL, NULL, 850),
(3711, '2012-005-82', 11, 152, NULL, NULL, NULL, 851),
(3712, '2012-005-82', 11, 153, NULL, NULL, NULL, 855),
(3713, '2012-005-82', 11, 153, NULL, NULL, NULL, 856),
(3714, '2012-005-82', 11, 154, NULL, NULL, NULL, 850),
(3715, '2012-005-82', 11, 154, NULL, NULL, NULL, 851),
(3716, '2005-005-41', 11, 155, NULL, NULL, NULL, 857),
(3717, '2005-005-41', 11, 155, NULL, NULL, NULL, 858),
(3718, '2005-005-41', 11, 155, NULL, NULL, NULL, 859),
(3719, '2005-005-41', 11, 156, NULL, NULL, NULL, 855),
(3720, '2005-005-41', 11, 156, NULL, NULL, NULL, 856),
(3721, '2005-005-41', 11, 157, NULL, NULL, NULL, 850),
(3722, '2005-005-41', 11, 157, NULL, NULL, NULL, 851),
(3723, '2009-005-61', 11, 158, NULL, NULL, NULL, 857),
(3724, '2009-005-61', 11, 158, NULL, NULL, NULL, 858),
(3725, '2009-005-61', 11, 158, NULL, NULL, NULL, 859),
(3726, '2009-005-61', 11, 159, NULL, NULL, NULL, 860),
(3727, '2005-005-36', 11, 160, NULL, NULL, NULL, 855),
(3728, '2005-005-36', 11, 160, NULL, NULL, NULL, 856),
(3729, '2005-005-36', 11, 161, NULL, NULL, NULL, 861),
(3730, '2005-005-36', 11, 161, NULL, NULL, NULL, 862),
(3731, '2005-005-36', 11, 161, NULL, NULL, NULL, 863),
(3732, '2005-005-36', 11, 162, NULL, NULL, NULL, 864),
(3733, '2011-005-78', 11, 163, NULL, NULL, NULL, 865),
(3734, '2011-005-78', 11, 163, NULL, NULL, NULL, 866),
(3735, '2011-005-78', 11, 150, NULL, NULL, NULL, 867),
(3736, '2011-005-78', 11, 150, NULL, NULL, NULL, 868),
(3737, '2011-005-78', 11, 150, NULL, NULL, NULL, 869),
(3738, '2011-005-78', 11, 150, NULL, NULL, NULL, 870),
(3739, '2011-005-74', 11, 149, NULL, NULL, NULL, 871),
(3740, '2011-005-74', 11, 149, NULL, NULL, NULL, 872),
(3741, '2011-005-74', 11, 164, NULL, NULL, NULL, 865),
(3742, '2011-005-74', 11, 164, NULL, NULL, NULL, 866),
(3743, '2005-005-57', 11, 165, NULL, NULL, NULL, 861),
(3744, '2005-005-57', 11, 165, NULL, NULL, NULL, 862),
(3745, '2005-005-57', 11, 165, NULL, NULL, NULL, 863),
(3746, '2005-005-57', 11, 166, NULL, NULL, NULL, 857),
(3747, '2005-005-57', 11, 166, NULL, NULL, NULL, 858),
(3748, '2005-005-57', 11, 166, NULL, NULL, NULL, 859),
(3749, '2005-005-57', 11, 150, NULL, NULL, NULL, 873),
(3750, '2005-005-66', 11, 167, NULL, NULL, NULL, 857),
(3751, '2005-005-66', 11, 167, NULL, NULL, NULL, 858),
(3752, '2005-005-66', 11, 167, NULL, NULL, NULL, 859),
(3753, '2007-005-63', 11, 168, NULL, NULL, NULL, 861),
(3754, '2007-005-63', 11, 168, NULL, NULL, NULL, 862),
(3755, '2007-005-63', 11, 169, NULL, NULL, NULL, 865),
(3756, '2008-005-66', 11, 170, NULL, NULL, NULL, 844),
(3757, '2008-005-66', 11, 170, NULL, NULL, NULL, 845),
(3758, '2008-005-66', 11, 170, NULL, NULL, NULL, 846),
(3759, '2008-005-66', 11, 171, NULL, NULL, NULL, 855),
(3760, '2008-005-66', 11, 171, NULL, NULL, NULL, 856),
(3761, '2008-005-66', 11, 172, NULL, NULL, NULL, 860),
(3762, '2009-005-67', 11, 168, NULL, NULL, NULL, 863),
(3763, '2009-005-67', 11, 168, NULL, NULL, NULL, 874),
(3764, '2009-005-67', 11, 169, NULL, NULL, NULL, 866),
(3765, '2009-005-67', 11, 173, NULL, NULL, NULL, 855),
(3766, '2009-005-67', 11, 173, NULL, NULL, NULL, 856),
(3835, '2005-005-80', 12, 149, NULL, NULL, NULL, 906),
(3836, '2005-005-80', 12, 149, NULL, NULL, NULL, 907),
(3837, '2005-005-80', 12, 149, NULL, NULL, NULL, 908),
(3838, '2005-005-80', 12, 150, NULL, NULL, NULL, 909),
(3839, '2005-005-80', 12, 150, NULL, NULL, NULL, 910),
(3840, '2005-005-80', 12, 150, NULL, NULL, NULL, 911),
(3841, '2011-005-76', 12, 151, NULL, NULL, NULL, 912),
(3842, '2011-005-76', 12, 151, NULL, NULL, NULL, 913),
(3843, '2011-005-76', 12, 150, NULL, NULL, NULL, 914),
(3844, '2011-005-76', 12, 150, NULL, NULL, NULL, 915),
(3845, '2011-005-76', 12, 150, NULL, NULL, NULL, 916),
(3846, '2012-005-82', 12, 152, NULL, NULL, NULL, 912),
(3847, '2012-005-82', 12, 152, NULL, NULL, NULL, 913),
(3848, '2012-005-82', 12, 153, NULL, NULL, NULL, 917),
(3849, '2012-005-82', 12, 153, NULL, NULL, NULL, 918),
(3850, '2012-005-82', 12, 154, NULL, NULL, NULL, 912),
(3851, '2012-005-82', 12, 154, NULL, NULL, NULL, 913),
(3852, '2005-005-41', 12, 155, NULL, NULL, NULL, 919),
(3853, '2005-005-41', 12, 155, NULL, NULL, NULL, 920),
(3854, '2005-005-41', 12, 155, NULL, NULL, NULL, 921),
(3855, '2005-005-41', 12, 156, NULL, NULL, NULL, 917),
(3856, '2005-005-41', 12, 156, NULL, NULL, NULL, 918),
(3857, '2005-005-41', 12, 157, NULL, NULL, NULL, 912),
(3858, '2005-005-41', 12, 157, NULL, NULL, NULL, 913),
(3859, '2009-005-61', 12, 158, NULL, NULL, NULL, 919),
(3860, '2009-005-61', 12, 158, NULL, NULL, NULL, 920),
(3861, '2009-005-61', 12, 158, NULL, NULL, NULL, 921),
(3862, '2009-005-61', 12, 159, NULL, NULL, NULL, 922),
(3863, '2005-005-36', 12, 160, NULL, NULL, NULL, 917),
(3864, '2005-005-36', 12, 160, NULL, NULL, NULL, 918),
(3865, '2005-005-36', 12, 161, NULL, NULL, NULL, 923),
(3866, '2005-005-36', 12, 161, NULL, NULL, NULL, 924),
(3867, '2005-005-36', 12, 161, NULL, NULL, NULL, 925),
(3868, '2005-005-36', 12, 162, NULL, NULL, NULL, 926),
(3869, '2011-005-78', 12, 163, NULL, NULL, NULL, 927),
(3870, '2011-005-78', 12, 163, NULL, NULL, NULL, 928),
(3871, '2011-005-78', 12, 150, NULL, NULL, NULL, 929),
(3872, '2011-005-78', 12, 150, NULL, NULL, NULL, 930),
(3873, '2011-005-78', 12, 150, NULL, NULL, NULL, 931),
(3874, '2011-005-78', 12, 150, NULL, NULL, NULL, 932),
(3875, '2011-005-74', 12, 149, NULL, NULL, NULL, 933),
(3876, '2011-005-74', 12, 149, NULL, NULL, NULL, 934),
(3877, '2011-005-74', 12, 164, NULL, NULL, NULL, 927),
(3878, '2011-005-74', 12, 164, NULL, NULL, NULL, 928),
(3879, '2005-005-57', 12, 165, NULL, NULL, NULL, 923),
(3880, '2005-005-57', 12, 165, NULL, NULL, NULL, 924),
(3881, '2005-005-57', 12, 165, NULL, NULL, NULL, 925),
(3882, '2005-005-57', 12, 166, NULL, NULL, NULL, 919),
(3883, '2005-005-57', 12, 166, NULL, NULL, NULL, 920),
(3884, '2005-005-57', 12, 166, NULL, NULL, NULL, 921),
(3885, '2005-005-57', 12, 150, NULL, NULL, NULL, 935),
(3886, '2005-005-66', 12, 167, NULL, NULL, NULL, 919),
(3887, '2005-005-66', 12, 167, NULL, NULL, NULL, 920),
(3888, '2005-005-66', 12, 167, NULL, NULL, NULL, 921),
(3889, '2007-005-63', 12, 168, NULL, NULL, NULL, 923),
(3890, '2007-005-63', 12, 168, NULL, NULL, NULL, 924),
(3891, '2007-005-63', 12, 169, NULL, NULL, NULL, 927),
(3892, '2008-005-66', 12, 170, NULL, NULL, NULL, 906),
(3893, '2008-005-66', 12, 170, NULL, NULL, NULL, 907),
(3894, '2008-005-66', 12, 170, NULL, NULL, NULL, 908),
(3895, '2008-005-66', 12, 171, NULL, NULL, NULL, 917),
(3896, '2008-005-66', 12, 171, NULL, NULL, NULL, 918),
(3897, '2008-005-66', 12, 172, NULL, NULL, NULL, 922),
(3898, '2009-005-67', 12, 168, NULL, NULL, NULL, 925),
(3899, '2009-005-67', 12, 168, NULL, NULL, NULL, 936),
(3900, '2009-005-67', 12, 169, NULL, NULL, NULL, 928),
(3901, '2009-005-67', 12, 173, NULL, NULL, NULL, 917),
(3902, '2009-005-67', 12, 173, NULL, NULL, NULL, 918);

-- --------------------------------------------------------

--
-- Table structure for table `college_t`
--

CREATE TABLE IF NOT EXISTS `college_t` (
  `college_code` varchar(10) NOT NULL DEFAULT '',
  `college_name` varchar(255) DEFAULT NULL,
  PRIMARY KEY (`college_code`)
) ENGINE=InnoDB DEFAULT CHARSET=latin1;

--
-- Dumping data for table `college_t`
--

INSERT INTO `college_t` (`college_code`, `college_name`) VALUES
('CS', 'College of Science');

-- --------------------------------------------------------

--
-- Table structure for table `college_unit_t`
--

CREATE TABLE IF NOT EXISTS `college_unit_t` (
  `cunit_id` int(15) NOT NULL AUTO_INCREMENT,
  `college_code` varchar(10) DEFAULT NULL,
  PRIMARY KEY (`cunit_id`),
  KEY `college_code` (`college_code`)
) ENGINE=InnoDB DEFAULT CHARSET=latin1 COMMENT='edited' AUTO_INCREMENT=1 ;

-- --------------------------------------------------------

--
-- Table structure for table `course_t`
--

CREATE TABLE IF NOT EXISTS `course_t` (
  `course_code` varchar(10) NOT NULL,
  `course_title` varchar(128) NOT NULL,
  PRIMARY KEY (`course_code`)
) ENGINE=InnoDB DEFAULT CHARSET=latin1;

--
-- Dumping data for table `course_t`
--

INSERT INTO `course_t` (`course_code`, `course_title`) VALUES
('', ''),
('1-1', ''),
('1-4', ''),
('1-5', ''),
('1A', ''),
('1B', ''),
('1C', ''),
('2', ''),
('2A', ''),
('2B', ''),
('2C', ''),
('3A', ''),
('3B', ''),
('3C', ''),
('4', ''),
('4A', ''),
('4B', ''),
('AB Econ', ''),
('AB Engl', ''),
('ABPS', ''),
('AVC', ''),
('BAPS', ''),
('BEED', ''),
('Bio', ''),
('BPE', ''),
('Broad', ''),
('BSA', ''),
('BSAT', ''),
('BSBA', ''),
('BSBA-MF', ''),
('BSBAMM', ''),
('BSBio', 'Bachelor of Science in Biology'),
('BSCE', ''),
('BSChem', 'Bachelor of Science in Chemistry'),
('BSCS', 'Bachelor of Science in Computer Science'),
('BSCT', ''),
('BSED', ''),
('BSELT', ''),
('BSET', ''),
('BSFT', ''),
('BSIE', ''),
('BSIT', 'Bachelor of Science in Information Technology'),
('BSMT', ''),
('BSN', ''),
('BSSW', ''),
('Chem', ''),
('Course', ''),
('Econ', ''),
('English', ''),
('Entrep', ''),
('Journ', ''),
('Mgt', ''),
('Philo', ''),
('Socio', ''),
('STA', '');

-- --------------------------------------------------------

--
-- Table structure for table `course_unit_t`
--

CREATE TABLE IF NOT EXISTS `course_unit_t` (
  `org_id` int(11) NOT NULL AUTO_INCREMENT,
  `course_code` varchar(10) DEFAULT NULL,
  PRIMARY KEY (`org_id`),
  KEY `course_code` (`course_code`)
) ENGINE=InnoDB DEFAULT CHARSET=latin1 COMMENT='added' AUTO_INCREMENT=1 ;

-- --------------------------------------------------------

--
-- Table structure for table `days_t`
--

CREATE TABLE IF NOT EXISTS `days_t` (
  `day_id` int(2) NOT NULL,
  `day_name` varchar(16) NOT NULL,
  PRIMARY KEY (`day_id`)
) ENGINE=InnoDB DEFAULT CHARSET=latin1;

--
-- Dumping data for table `days_t`
--

INSERT INTO `days_t` (`day_id`, `day_name`) VALUES
(1, 'monday'),
(2, 'tuesday'),
(3, 'wednesday'),
(4, 'thursday'),
(5, 'friday'),
(6, 'saturday'),
(7, 'sunday');

-- --------------------------------------------------------

--
-- Table structure for table `department_unit_t`
--

CREATE TABLE IF NOT EXISTS `department_unit_t` (
  `department_id` int(5) NOT NULL AUTO_INCREMENT,
  PRIMARY KEY (`department_id`)
) ENGINE=InnoDB DEFAULT CHARSET=latin1 AUTO_INCREMENT=1 ;

-- --------------------------------------------------------

--
-- Table structure for table `grades_t`
--

CREATE TABLE IF NOT EXISTS `grades_t` (
  `grade_id` int(11) NOT NULL AUTO_INCREMENT,
  `midterm_grade` float DEFAULT NULL,
  `tentative_fgrade` float DEFAULT NULL,
  `final_grade` float DEFAULT NULL,
  `student_id` varchar(32) DEFAULT NULL,
  PRIMARY KEY (`grade_id`),
  KEY `student_id` (`student_id`)
) ENGINE=InnoDB DEFAULT CHARSET=latin1 AUTO_INCREMENT=1 ;

-- --------------------------------------------------------

--
-- Table structure for table `image_slide_t`
--

CREATE TABLE IF NOT EXISTS `image_slide_t` (
  `img_id` int(15) NOT NULL AUTO_INCREMENT,
  `post_id` int(15) DEFAULT NULL,
  PRIMARY KEY (`img_id`)
) ENGINE=InnoDB  DEFAULT CHARSET=latin1 AUTO_INCREMENT=40 ;

--
-- Dumping data for table `image_slide_t`
--

INSERT INTO `image_slide_t` (`img_id`, `post_id`) VALUES
(27, 38),
(28, 39),
(30, 41),
(31, 44),
(32, 45),
(34, 40),
(37, 36),
(39, 37);

-- --------------------------------------------------------

--
-- Table structure for table `member_t`
--

CREATE TABLE IF NOT EXISTS `member_t` (
  `member_id` int(15) NOT NULL AUTO_INCREMENT,
  `unit_id` int(15) DEFAULT NULL,
  `position_id` int(15) DEFAULT NULL,
  `member_type` enum('student','personnel') DEFAULT NULL,
  PRIMARY KEY (`member_id`),
  KEY `position_id` (`position_id`),
  KEY `unit_id` (`unit_id`),
  KEY `position_id_2` (`position_id`)
) ENGINE=InnoDB  DEFAULT CHARSET=latin1 AUTO_INCREMENT=122 ;

--
-- Dumping data for table `member_t`
--

INSERT INTO `member_t` (`member_id`, `unit_id`, `position_id`, `member_type`) VALUES
(97, 13, NULL, 'student'),
(98, 13, NULL, 'student'),
(99, 13, NULL, 'student'),
(101, 1, NULL, 'personnel'),
(102, 1, NULL, 'personnel'),
(104, 19, NULL, 'personnel'),
(105, 19, NULL, 'personnel'),
(106, 7, NULL, 'personnel'),
(107, 1, NULL, 'student'),
(110, 7, 3, 'personnel'),
(111, 7, 4, 'personnel'),
(112, 1, 5, 'personnel'),
(113, 1, 6, 'personnel'),
(114, 13, 7, 'student'),
(115, 13, 8, 'student'),
(116, 13, 9, 'student'),
(117, 13, 10, 'student'),
(118, 13, 11, 'student'),
(119, 13, 12, 'student'),
(120, 19, 13, 'personnel'),
(121, 2, 14, 'personnel');

-- --------------------------------------------------------

--
-- Table structure for table `message_board_t`
--

CREATE TABLE IF NOT EXISTS `message_board_t` (
  `id` int(5) NOT NULL,
  `title` varchar(32) DEFAULT NULL,
  `message` text,
  PRIMARY KEY (`id`)
) ENGINE=InnoDB DEFAULT CHARSET=latin1;

--
-- Dumping data for table `message_board_t`
--

INSERT INTO `message_board_t` (`id`, `title`, `message`) VALUES
(1, 'BUCS Kiosk', 'Welcome to the Bicol University College of Science Kiosk System! Here you can access information about the offices in the college, the list of transactions and the memebers. Students can also view their profile, grades, loads, and schedules.There is also a digital map and an electronic bulletin iavailable.');

-- --------------------------------------------------------

--
-- Table structure for table `payments_t`
--

CREATE TABLE IF NOT EXISTS `payments_t` (
  `payment_id` int(11) NOT NULL AUTO_INCREMENT,
  `course_code` varchar(32) DEFAULT NULL,
  `sem_id` int(11) DEFAULT NULL,
  `account_code` varchar(15) DEFAULT NULL,
  `account_title` varchar(60) DEFAULT NULL,
  `amount_1` float DEFAULT NULL,
  `amount_2` float DEFAULT NULL,
  `amount_3` float DEFAULT NULL,
  `amount_4` float DEFAULT NULL,
  PRIMARY KEY (`payment_id`),
  KEY `account_code` (`account_code`),
  KEY `course_code` (`course_code`),
  KEY `sem_id` (`sem_id`)
) ENGINE=InnoDB DEFAULT CHARSET=latin1 AUTO_INCREMENT=1 ;

-- --------------------------------------------------------

--
-- Table structure for table `personnel_members_t`
--

CREATE TABLE IF NOT EXISTS `personnel_members_t` (
  `pm_id` int(15) NOT NULL AUTO_INCREMENT,
  `member_id` int(15) NOT NULL DEFAULT '0',
  `account_no` int(6) DEFAULT NULL,
  `personnel_id` varchar(32) DEFAULT NULL,
  PRIMARY KEY (`pm_id`),
  KEY `account_no` (`personnel_id`),
  KEY `personnel_id` (`member_id`),
  KEY `account_no_2` (`account_no`)
) ENGINE=InnoDB  DEFAULT CHARSET=latin1 AUTO_INCREMENT=20 ;

--
-- Dumping data for table `personnel_members_t`
--

INSERT INTO `personnel_members_t` (`pm_id`, `member_id`, `account_no`, `personnel_id`) VALUES
(1, 110, 2, '2009-005-61'),
(2, 111, 16, '2005-005-41'),
(3, 111, 3, '2012-005-82'),
(4, 112, NULL, '2005-005-17'),
(5, 111, NULL, '2007-005-63'),
(6, 111, NULL, '2011-005-78'),
(7, 111, 17, '2008-005-66'),
(8, 111, NULL, '2011-005-76'),
(9, 111, NULL, '2009-005-67'),
(10, 111, NULL, '2005-005-58'),
(11, 111, NULL, '2005-005-80'),
(12, 111, NULL, '2005-005-66'),
(13, 111, NULL, '2005-005-57'),
(14, 120, NULL, '2005-001-134'),
(16, 111, 15, '2005-005-36'),
(19, 121, NULL, '2005-005-33');

-- --------------------------------------------------------

--
-- Table structure for table `personnel_t`
--

CREATE TABLE IF NOT EXISTS `personnel_t` (
  `personnel_id` varchar(32) NOT NULL,
  `f_name` varchar(32) DEFAULT NULL,
  `m_name` varchar(32) DEFAULT NULL,
  `l_name` varchar(32) DEFAULT NULL,
  `gender` enum('male','female') DEFAULT NULL,
  `academic_rank` varchar(60) DEFAULT NULL,
  `status` varchar(32) DEFAULT NULL,
  `image` varchar(250) DEFAULT NULL,
  `b_day` date DEFAULT NULL,
  PRIMARY KEY (`personnel_id`)
) ENGINE=InnoDB DEFAULT CHARSET=latin1 COMMENT='edited';

--
-- Dumping data for table `personnel_t`
--

INSERT INTO `personnel_t` (`personnel_id`, `f_name`, `m_name`, `l_name`, `gender`, `academic_rank`, `status`, `image`, `b_day`) VALUES
('2005-001-132', 'Felix', 'R.', 'Penetrante', 'male', '', '', 'Bicol_University_logo.jpg', '0000-00-00'),
('2005-001-133', 'Nelson', 'S.', 'Pantino', 'male', '', '', 'Bicol_University_logo.jpg', '0000-00-00'),
('2005-001-134', 'Sharlene', 'A.', 'Mendizabal', 'female', '', '', 'P_20150113_135139.jpg', '0000-00-00'),
('2005-001-143', 'Amelia', 'M.', 'Morales', 'female', '', '', NULL, '0000-00-00'),
('2005-001-174', 'Harlette', 'B.', 'Viray', 'female', '', '', 'Harlette Viray.jpg', '0000-00-00'),
('2005-001-186', 'Luis', 'M.', 'Espartinez', 'male', '', '', NULL, '0000-00-00'),
('2005-001-239', 'Agnes', 'A.', 'De Castro', 'female', '', '', NULL, '0000-00-00'),
('2005-001-40', 'Maybel', 'A.', 'Aňonuevo', 'female', '', '', NULL, '0000-00-00'),
('2005-001-73', 'Cielo', 'M.', 'Ondevilla', 'female', '', '', NULL, '0000-00-00'),
('2005-005-13', 'Veronica', 'N.', 'Novora', 'female', 'Associate Professor V', 'Permanent', NULL, '1953-10-01'),
('2005-005-15', 'Emelyn', 'B.', 'Barcia', 'female', 'Associate Professor IV', 'Permanent', NULL, '1955-12-24'),
('2005-005-17', 'Noemi', 'R.', 'Madrid', 'female', 'Associate Professor IV', 'Permanent', NULL, '1954-09-26'),
('2005-005-21', 'Ruth', 'I.', 'Concepcion', 'female', 'Associate Professor II', 'Permanent', NULL, '1956-06-12'),
('2005-005-22', 'Ma. Teresa', 'A.', 'Mirandilla', 'female', 'Professor I', 'Permanent', NULL, '1961-11-15'),
('2005-005-23', 'Ma. Bernadette', 'B.', 'Arimbay', 'female', 'Associate Professor IV', 'Permanent', NULL, '1966-02-18'),
('2005-005-245', 'Luis', 'E.', 'Camacho', 'male', '', '', NULL, '0000-00-00'),
('2005-005-25', 'Ida Francia', 'D.', 'Revale', 'female', 'Assistant Professor IV', 'Permanent', NULL, '1955-09-30'),
('2005-005-27', 'Rodel', 'N.', 'Naz', 'male', 'Assistant Professor IV', 'Permanent', NULL, '1961-04-03'),
('2005-005-28', 'Magnolia Vida', 'A.', 'Cano', 'female', 'Associate Professor II', 'Permanent', NULL, '1971-09-10'),
('2005-005-29', 'Eden', 'A.', 'Ante', 'female', 'Assoc. Professor I', 'Permanent', NULL, '1956-12-27'),
('2005-005-30', 'Lilibeth', 'A.', 'Cajuday', 'female', 'Associate Professor IV', 'Permanent', NULL, '1970-01-25'),
('2005-005-32', 'Ma. Corazon', 'B.', 'Barrameda', 'female', 'Assoc. Professor I', 'Permanent', NULL, '1968-11-06'),
('2005-005-33', 'Joan', 'M.', 'Cordovilla', 'female', 'Assistant Professor I', 'Permanent', NULL, '1970-12-08'),
('2005-005-34', 'Jason', 'J.', 'Punay', 'male', 'Instructor II', 'Permanent', NULL, '1982-04-27'),
('2005-005-35', 'Salvacion', 'B.', 'Tabo', 'female', 'Assistant Professor II', 'Permanent', NULL, '1956-05-09'),
('2005-005-36', 'Rolando', 'L.', 'Mendones', 'male', 'Assistant Professor III', 'Permanent', 'P_20150113_135330.jpg', '1965-03-02'),
('2005-005-37', 'Jocelyn', 'E.', 'Serrano', 'female', 'Assistant Professor IV', 'Permanent', 'Jocelyn Serrano.jpg', '1973-06-05'),
('2005-005-38', 'Marie Rose', 'D.', 'Jasareno', 'female', 'Assistat Professor I', 'Permanent', NULL, '1970-10-16'),
('2005-005-39', 'Emee', 'I.', 'Tomenio', 'female', 'Assistant Professor II', 'Permanent', NULL, '1974-04-03'),
('2005-005-41', 'Jennifer', 'L.', 'Llovido', 'female', 'Instructor I', 'Permanent', 'P_20150113_145422.jpg', '1981-01-12'),
('2005-005-42', 'Samuel', 'C.', 'Bobiles', 'male', 'Assoc. Professor I', 'Permanent', NULL, '1976-11-24'),
('2005-005-44', 'Arlene', 'A.', 'Satuito', 'female', 'Instructor I', 'Permanent', NULL, '1979-12-25'),
('2005-005-45', 'Myra Angela', 'L.', 'Lola', 'female', 'Instructor III', 'Permanent', NULL, '1980-06-26'),
('2005-005-46', 'Jonathan', 'M.', 'Borromeo', 'male', 'Instructor II', 'Permanent', NULL, '1975-03-11'),
('2005-005-5', 'Antonio', 'C.', 'Maceres', '', '', '', NULL, '0000-00-00'),
('2005-005-51', 'Maria Karina Luth', 'R.', 'Discaya', 'female', 'Assistant Professor III', 'Permanent', NULL, '1971-10-14'),
('2005-005-53', 'Charmaine', 'A.', 'Malonzo', 'female', 'Assistant Professor IV', 'Permanent', NULL, '1976-08-23'),
('2005-005-56', 'Eriberta', 'B.', 'Nepomuceno', 'female', 'Professor VI', 'Permanent', NULL, '1953-05-31'),
('2005-005-57', 'Rommel Evan', 'P.', 'Paje', 'male', 'Instructor II', 'Permanent', 'P_20150113_145352.jpg', '1979-09-05'),
('2005-005-58', 'Noli Jr.', 'B.', 'Lucila', 'male', 'Assistant Professor IV', 'Permanent', 'P_20150113_145412.jpg', '1980-08-07'),
('2005-005-59', 'Anne', 'R.', 'Dioneda', 'female', 'Instructor II', 'Permanent', NULL, '1975-08-03'),
('2005-005-60', 'Michael', 'B.', 'Montealegre', 'male', 'Instructor III', 'Permanent', NULL, '1977-04-24'),
('2005-005-63', 'Maria Crispina', 'P.', 'Baltazar', 'female', 'Instructor II', 'Permanent', NULL, '1970-11-28'),
('2005-005-66', 'Laarni', 'J.', 'Pancho', 'female', 'Associate Professor I', 'Permanent', NULL, '1971-01-06'),
('2005-005-7', 'Ledilla Lilibeth', 'H.', 'Llagas', 'female', 'Professor VI', 'Permanent', NULL, '1960-12-04'),
('2005-005-71', 'Luis Paulo', 'R.', 'Bragais', 'male', 'Instructor I', 'Permanent', NULL, '1986-08-14'),
('2005-005-77', 'Ma. Carolina', 'J.', 'Boyon', 'female', 'Professor II', 'Permanent', 'P_20150113_135152.jpg', '1960-12-26'),
('2005-005-80', 'Lea', 'P.', 'Dela Rama', 'female', 'Instructor I', 'Permanent', NULL, '1985-10-06'),
('2007-001-364', 'Adryan', 'H.', 'Adornado', 'male', '', '', NULL, '0000-00-00'),
('2007-005-62', 'Phil', 'V.', 'Morano', 'male', 'Instructor I', 'Permanent', NULL, '1983-09-20'),
('2007-005-63', 'Ryan', 'A.', 'Rodriguez', 'male', 'Instructor III', 'Permanent', 'P_20150113_145358.jpg', '1980-09-25'),
('2007-005-65', 'Magdalena', 'N.', 'Bobier', 'female', 'Instructor I', 'Permanent', NULL, '1981-07-25'),
('2008-001-370', 'Cristy', 'L.', 'Balunsay', 'female', '', '', NULL, '0000-00-00'),
('2008-005-66', 'Christian', 'Y.', 'Sy', 'male', 'Assistant Professor I', 'Permanent', 'P_20150113_134309.jpg', '1978-08-12'),
('2009-005-61', 'Lany', 'L.', 'Maceda', 'female', 'Assistant Professor III', 'Permanent', 'P_20150113_134336.jpg', '1976-02-15'),
('2009-005-67', 'Jayvee Christopher', 'N.', 'Vibar', 'male', 'Instructor II', 'Permanent', 'P_20150113_145406.jpg', '1974-12-11'),
('2009-005-68', 'Jayson', 'A.', 'Lucilo', 'male', 'Instructor I', 'Permanent', NULL, '1986-08-05'),
('2011-001-396', 'Almira', 'A.', 'Osma', 'female', '', '', NULL, '0000-00-00'),
('2011-001-417', 'Pablo Gremar', 'E.', 'Banaynal', 'male', '', '', NULL, '0000-00-00'),
('2011-005-4', 'Amelia', 'A.', 'Dorosan', 'female', 'Professor V', 'Permanent', NULL, '1960-10-15'),
('2011-005-70', 'Lucy', 'P.', 'Estioko', 'female', 'Professor VI', 'Permanent', 'Lucy P. Estioko.jpg', '1962-09-18'),
('2011-005-72', 'Andrew', 'J.', 'Deuda', 'male', 'Instructor I', 'Permanent', NULL, '1986-10-10'),
('2011-005-73', 'Joan', 'R.', 'Nace', 'female', 'Instructor I', 'Permanent', NULL, '1987-02-14'),
('2011-005-74', 'Aris', 'J.', 'Ordoňez', 'male', 'Instructor I', 'Permanent', 'P_20150113_145346.jpg', '1976-11-16'),
('2011-005-75', 'Jonathan Jaime', 'G.', 'Guerrero', 'male', 'Instructor I', 'Permanent', NULL, '1988-08-08'),
('2011-005-76', 'Benedicto Jr.', 'B.', 'Balilo', 'male', 'Asst. Professor I', 'Permanent', 'P_20150113_134319.jpg', '1974-01-22'),
('2011-005-78', 'Franklin Jr.', 'M.', 'Miranda', 'male', 'Instructor III', 'Permanent', 'P_20150113_145436.jpg', '1969-04-28'),
('2011-005-79', 'Joseph', 'E.', 'Miranda', 'male', 'Instructor  III', 'Permanent', NULL, '1965-06-02'),
('2011-005-84', 'Jazzlyn', 'T.', 'Imperial', '', 'Instructor I', '', NULL, '0000-00-00'),
('2012-005-81', 'Ivane', 'N.', 'Malaluan', 'female', 'Instructor I', 'Permanent', NULL, '1989-03-22'),
('2012-005-82', 'Michael Angelo', 'P.', 'Brogada', 'male', 'Instructor I', 'Permanent', 'P_20150113_145416.jpg', '1982-06-26'),
('2012-005-83', 'Daile Meek', 'H.', 'Salvador', '', 'Instructor I', '', NULL, '0000-00-00');

-- --------------------------------------------------------

--
-- Table structure for table `position_t`
--

CREATE TABLE IF NOT EXISTS `position_t` (
  `position_id` int(5) NOT NULL AUTO_INCREMENT,
  `position_name` varchar(50) DEFAULT NULL,
  `position_description` text,
  `quantity` enum('unique','multiple') DEFAULT NULL,
  `unit_id` int(15) DEFAULT NULL,
  PRIMARY KEY (`position_id`),
  KEY `unit_id` (`unit_id`)
) ENGINE=InnoDB  DEFAULT CHARSET=latin1 AUTO_INCREMENT=15 ;

--
-- Dumping data for table `position_t`
--

INSERT INTO `position_t` (`position_id`, `position_name`, `position_description`, `quantity`, `unit_id`) VALUES
(3, 'Department Head', 'Manage all the transactions', 'unique', 7),
(4, 'Member', NULL, 'multiple', 7),
(5, 'Cashier', NULL, 'unique', 1),
(6, 'Staff', NULL, 'multiple', 1),
(7, 'President', 'N/A', 'unique', 13),
(8, 'Internal Vice Chairperson', NULL, 'unique', 13),
(9, 'External Vice Chairperson', NULL, 'unique', 13),
(10, 'Secretary', NULL, 'unique', 13),
(11, 'Auditor', NULL, 'unique', 13),
(12, 'PIO', NULL, 'unique', 13),
(13, 'Registrar', NULL, 'unique', 19),
(14, 'Director', NULL, 'unique', 2);

-- --------------------------------------------------------

--
-- Table structure for table `posts_t`
--

CREATE TABLE IF NOT EXISTS `posts_t` (
  `post_id` int(15) NOT NULL AUTO_INCREMENT,
  `account_no` int(6) DEFAULT NULL,
  `post_title` varchar(255) DEFAULT NULL,
  `time_of_post` time DEFAULT NULL,
  `date_of_post` date DEFAULT NULL,
  `identity` enum('anonymous','name','unit') DEFAULT NULL,
  `type_of_post` enum('event','message','announcement','holiday') DEFAULT NULL,
  `status` enum('disabled','active') DEFAULT NULL,
  PRIMARY KEY (`post_id`),
  KEY `account_no` (`account_no`)
) ENGINE=InnoDB  DEFAULT CHARSET=latin1 AUTO_INCREMENT=49 ;

--
-- Dumping data for table `posts_t`
--

INSERT INTO `posts_t` (`post_id`, `account_no`, `post_title`, `time_of_post`, `date_of_post`, `identity`, `type_of_post`, `status`) VALUES
(36, 3, 'Kick-off Party', '10:41:43', '2015-01-22', 'name', 'event', 'active'),
(37, 3, 'Acquiantance Party', '18:30:16', '2015-01-22', 'name', 'event', 'active'),
(38, 3, 'Save Our Ocean - An Environmental Forum', '18:32:56', '2015-01-22', 'unit', 'event', 'active'),
(39, 15, 'Official Logo of IT', '18:37:01', '2015-01-22', 'name', 'message', 'active'),
(40, 15, '#GETWET Party', '18:42:01', '2015-01-22', 'unit', 'event', 'active'),
(41, 15, 'Intramurals', '18:44:40', '2015-01-22', 'name', 'event', 'active'),
(42, 16, 'System Analysis', '08:00:04', '2015-01-23', 'name', 'message', 'active'),
(43, 16, '', '11:09:29', '2015-01-23', 'name', 'announcement', 'active'),
(44, 16, 'OUTBREAK BASH OF 2015', '12:54:07', '2015-02-03', 'name', 'event', 'active'),
(45, 17, 'First General Assembly', '12:55:12', '2015-02-03', 'name', 'event', 'active'),
(46, 17, 'IT Soccer Team (Girls) Paractice & Tryout', '16:16:00', '2015-02-05', 'name', 'event', 'active'),
(47, 17, 'TechnoDays', '16:18:22', '2015-02-05', 'name', 'event', 'disabled'),
(48, 8, 'Christmas Celebration', '14:39:19', '2015-02-27', '', 'holiday', 'active');

-- --------------------------------------------------------

--
-- Table structure for table `post_announcements_t`
--

CREATE TABLE IF NOT EXISTS `post_announcements_t` (
  `announcement_id` int(15) DEFAULT NULL,
  `announcement_desc` varchar(255) DEFAULT NULL
) ENGINE=InnoDB DEFAULT CHARSET=latin1;

--
-- Dumping data for table `post_announcements_t`
--

INSERT INTO `post_announcements_t` (`announcement_id`, `announcement_desc`) VALUES
(30, 'sample'),
(31, 'Hello'),
(43, 'Example Announcement');

-- --------------------------------------------------------

--
-- Table structure for table `post_events_t`
--

CREATE TABLE IF NOT EXISTS `post_events_t` (
  `event_id` int(15) NOT NULL DEFAULT '0',
  `venue` varchar(60) DEFAULT NULL,
  `start_time` time DEFAULT NULL,
  `end_time` time DEFAULT NULL,
  `date_start` date DEFAULT NULL,
  `date_end` date DEFAULT NULL,
  `theme` varchar(250) DEFAULT NULL,
  `reg_fee` double DEFAULT NULL,
  PRIMARY KEY (`event_id`),
  KEY `event_id` (`event_id`)
) ENGINE=InnoDB DEFAULT CHARSET=latin1;

--
-- Dumping data for table `post_events_t`
--

INSERT INTO `post_events_t` (`event_id`, `venue`, `start_time`, `end_time`, `date_start`, `date_end`, `theme`, `reg_fee`) VALUES
(36, 'La Piazza Hotel', '18:00:00', '23:00:00', '2015-03-14', NULL, '', 250),
(37, 'CS Function Hall', '18:00:00', NULL, '2015-07-12', NULL, 'Unmask\r\n-A Blacklight and Masquerade', 100),
(38, 'CS Auditorium', '08:00:00', NULL, '2015-07-18', NULL, '', 0),
(40, 'BU Nursing/CS Road, BU Grounds', '18:00:00', NULL, '2015-12-19', NULL, '', 230),
(41, 'BU Grounds', '07:00:00', NULL, '2015-09-12', '2015-09-15', 'CSIANS: A Decade of Breaking Through Limits 2014', 400),
(44, 'BU Commencement Stage', '18:00:00', '00:00:00', '2015-06-29', NULL, '', 0),
(45, 'CSB3 Auditorium', '13:00:00', '00:00:00', '2015-06-25', NULL, '', 0),
(46, 'CSB1 Kiosk', '08:00:00', '00:00:00', '2015-07-29', NULL, '', 0),
(47, 'CS', '08:00:00', '00:00:00', '2015-02-12', '2015-02-14', 'CS and IT Gearing as One Department', 350);

-- --------------------------------------------------------

--
-- Table structure for table `post_holidays_t`
--

CREATE TABLE IF NOT EXISTS `post_holidays_t` (
  `holiday_id` int(15) DEFAULT NULL,
  `date_of_holiday` date DEFAULT NULL
) ENGINE=InnoDB DEFAULT CHARSET=latin1;

--
-- Dumping data for table `post_holidays_t`
--

INSERT INTO `post_holidays_t` (`holiday_id`, `date_of_holiday`) VALUES
(26, '2014-12-25'),
(34, '2105-12-25'),
(35, '2015-01-01'),
(48, '2015-12-25');

-- --------------------------------------------------------

--
-- Table structure for table `post_messages_t`
--

CREATE TABLE IF NOT EXISTS `post_messages_t` (
  `message_id` int(15) NOT NULL DEFAULT '0',
  `message_content` varchar(255) DEFAULT NULL,
  PRIMARY KEY (`message_id`),
  KEY `message_id` (`message_id`)
) ENGINE=InnoDB DEFAULT CHARSET=latin1 COMMENT='edited';

--
-- Dumping data for table `post_messages_t`
--

INSERT INTO `post_messages_t` (`message_id`, `message_content`) VALUES
(39, 'This is the new official logo of IT'),
(42, 'To All BSIT 3C We will have a meeting this afternoon');

-- --------------------------------------------------------

--
-- Table structure for table `room_t`
--

CREATE TABLE IF NOT EXISTS `room_t` (
  `room_code` varchar(32) NOT NULL,
  `room_name` varchar(64) DEFAULT NULL,
  `building_code` varchar(32) DEFAULT NULL,
  `floor_no` int(2) DEFAULT NULL,
  `searchable` tinyint(1) NOT NULL,
  `schedule` tinyint(1) NOT NULL,
  PRIMARY KEY (`room_code`),
  KEY `building_code` (`building_code`)
) ENGINE=InnoDB DEFAULT CHARSET=latin1;

--
-- Dumping data for table `room_t`
--

INSERT INTO `room_t` (`room_code`, `room_name`, `building_code`, `floor_no`, `searchable`, `schedule`) VALUES
('cr_111', 'CR Female', 'csb1', 1, 0, 0),
('cr_112', 'CR Male', 'csb1', 1, 0, 0),
('cr_113', 'CR Female', 'csb1', 1, 0, 0),
('cr_114', 'CR Male', 'csb1', 1, 0, 0),
('cr_115', 'CR Dean''s office', 'csb1', 1, 0, 0),
('cr_121', 'CR Female', 'csb1', 2, 0, 0),
('cr_122', 'CR Male', 'csb1', 2, 0, 0),
('cr_123', 'CR Female', 'csb1', 2, 0, 0),
('cr_124', 'CR Male', 'csb1', 2, 0, 0),
('cr_131', 'CR Female', 'csb1', 3, 0, 0),
('cr_132', 'CR Male', 'csb1', 3, 0, 0),
('cr_133', 'CR Female', 'csb1', 3, 0, 0),
('cr_134', 'CR Male', 'csb1', 3, 0, 0),
('cr_211', 'CR Female', 'csb2', 1, 0, 0),
('cr_212', 'CR Male', 'csb2', 1, 0, 0),
('cr_221', 'CR Female', 'csb2', 2, 0, 0),
('cr_222', 'CR  Male', 'csb2', 2, 0, 0),
('cr_311', 'CR Female', 'csb3', 1, 0, 0),
('cr_312', 'CR  Male', 'csb3', 1, 0, 0),
('cr_321', 'CR Female', 'csb3', 2, 0, 0),
('cr_322', 'CR Male', 'csb3', 2, 0, 0),
('cr_411', 'CR  Female', 'csb4', 1, 0, 0),
('cr_412', 'CR  Male', 'csb4', 1, 0, 0),
('cr_421', 'CR Female', 'csb4', 2, 0, 0),
('cr_422', 'CR  Male', 'csb4', 2, 0, 0),
('csb1_101', 'Assistant Dean''s Office', 'csb1', 1, 0, 0),
('csb1_102', 'Dean''s Office', 'csb1', 1, 0, 0),
('csb1_103', 'Kitchenette', 'csb1', 1, 0, 0),
('csb1_104', 'Conference Room', 'csb1', 1, 1, 0),
('csb1_105', 'Admin Office', 'csb1', 1, 0, 0),
('csb1_106', 'Accounting Office', 'csb1', 1, 0, 0),
('csb1_107', 'Supply Office', 'csb1', 1, 1, 0),
('csb1_108', 'Supply Storage Office', 'csb1', 1, 1, 0),
('csb1_109', 'Bid & Awards Committee (BAC)', 'csb1', 1, 1, 0),
('csb1_110', 'Student Records Room', 'csb1', 1, 1, 0),
('csb1_111', 'Registrar''s Office', 'csb1', 1, 1, 0),
('csb1_112', 'Cashier''s Office', 'csb1', 1, 1, 0),
('csb1_201', 'IT Training Room (section 1)', 'csb1', 2, 1, 0),
('csb1_202', 'IT Training Room (section 2)', 'csb1', 2, 1, 0),
('csb1_203', 'IT Training Room (section 3)', 'csb1', 2, 1, 0),
('csb1_204', 'Server Room', 'csb1', 2, 1, 0),
('csb1_205', 'IMO (Information Management Office)', 'csb1', 2, 1, 0),
('csb1_206', 'IMO Directror''s Office', 'csb1', 2, 1, 0),
('csb1_207', 'Conference Room', 'csb1', 2, 1, 0),
('csb1_300', 'Function Hall', 'csb1', 3, 1, 0),
('csb2_100', 'CSB2 Canteen', 'csb2', 1, 0, 0),
('csb2_101', 'CSB2 101', 'csb2', 1, 0, 1),
('csb2_102', 'CSB2 102', 'csb2', 1, 0, 1),
('csb2_103', 'CS Extension Service Center', 'csb2', 1, 0, 0),
('csb2_104', 'CSB2 104', 'csb2', 1, 0, 1),
('csb2_105', 'CSB2 105', 'csb2', 1, 0, 1),
('csb2_106', 'CSB2 106', 'csb2', 1, 0, 1),
('csb2_107', 'Technical Room', 'csb2', 1, 0, 0),
('csb2_108', 'Technical Room', 'csb2', 1, 0, 0),
('csb2_109', 'CircUITS Office', 'csb2', 1, 0, 0),
('csb2_200', 'CS/IT Department faculty room', 'csb2', 2, 0, 0),
('csb2_201', 'csb2 201', 'csb2', 2, 0, 1),
('csb2_202', 'csb2 202', 'csb2', 2, 0, 1),
('csb2_203', 'Scientia Office', 'csb2', 2, 0, 0),
('csb2_204', 'CSC (College Student Council)', 'csb2', 2, 0, 0),
('csb2_205', 'csb2 205', 'csb2', 2, 0, 1),
('csb2_206', 'csb2 206', 'csb2', 2, 0, 1),
('csb2_207', 'csb2 207', 'csb2', 2, 0, 1),
('csb3_101', 'Chemistry Department Faculty Room', 'csb3', 1, 0, 0),
('csb3_102', 'Biology Department Faculty Room', 'csb3', 1, 0, 0),
('csb3_103', 'Auditorium', 'csb3', 1, 0, 0),
('csb3_104', 'CSB3 104', 'csb3', 1, 0, 1),
('csb3_105', 'CSB3 105', 'csb3', 1, 0, 1),
('csb3_106', 'CSB3 106', 'csb3', 1, 0, 1),
('csb3_107', 'CSB3 107', 'csb3', 1, 0, 1),
('csb3_201', 'CSB3 201', 'csb3', 2, 0, 1),
('csb3_202', 'CSB3 202', 'csb3', 2, 0, 1),
('csb3_203', 'CSB3 203', 'csb3', 2, 0, 1),
('csb3_204', 'CSB3 204', 'csb3', 2, 0, 1),
('csb3_205', 'CSB3 205', 'csb3', 2, 0, 1),
('csb3_206', 'CSB3 206', 'csb3', 2, 0, 1),
('csb3_207', 'Instrumentation Room', 'csb3', 2, 0, 0),
('csb4_101', 'CSB4 101', 'csb4', 1, 0, 1),
('csb4_102', 'CSB4 102', 'csb4', 1, 0, 1),
('csb4_103', 'CSB4 103', 'csb4', 1, 0, 1),
('csb4_104', 'CSB4 104', 'csb4', 1, 0, 1),
('csb4_105', 'CSB4 105', 'csb4', 1, 0, 1),
('csb4_106', 'AVR', 'csb4', 1, 0, 0),
('csb4_107', 'CSB4 107', 'csb4', 1, 0, 1),
('csb4_108', 'CSB4 108', 'csb4', 1, 0, 1),
('csb4_109', 'CSB4 109', 'csb4', 1, 0, 1),
('csb4_110', 'CSB4 110', 'csb4', 1, 0, 1),
('csb4_111', 'CSB4 111', 'csb4', 1, 0, 1),
('csb4_112', 'Mathematics Department Faculty Room', 'csb4', 1, 0, 0),
('csb4_113', 'Physics Department Faculty Room', 'csb4', 1, 0, 0),
('csb4_201', 'CSB4 201', 'csb4', 2, 0, 1),
('csb4_202', 'CSB4 202', 'csb4', 2, 0, 1),
('csb4_203', 'CSB4 203', 'csb4', 2, 0, 1),
('csb4_204', 'CSB4 204', 'csb4', 2, 0, 1),
('csb4_205', 'CSB4 205', 'csb4', 2, 0, 1),
('csb4_206', 'CSB4 206', 'csb4', 2, 0, 1),
('csb4_207', 'CSB4 207', 'csb4', 2, 0, 1),
('csb4_208', 'CSB4 208', 'csb4', 2, 0, 1),
('csb4_209', 'CSB4 209', 'csb4', 2, 0, 1),
('csb4_210', 'CSB4 210', 'csb4', 2, 0, 1),
('csb4_211', 'CSB4 211', 'csb4', 2, 0, 1),
('csb4_212', 'Physics Lab', 'csb4', 2, 0, 1),
('strg_411', 'Storage Room', 'csb4', 1, 0, 0),
('strg_412', 'Storage Room', 'csb4', 1, 0, 0),
('strg_421', 'Storage Room', 'csb4', 2, 0, 0),
('strg_422', 'Storage Room', 'csb4', 2, 0, 0);

-- --------------------------------------------------------

--
-- Table structure for table `semester_t`
--

CREATE TABLE IF NOT EXISTS `semester_t` (
  `sem_id` int(5) NOT NULL AUTO_INCREMENT,
  `sem_no` int(2) DEFAULT NULL,
  `ay_no` int(5) DEFAULT NULL,
  `sem_status` int(11) DEFAULT NULL,
  PRIMARY KEY (`sem_id`),
  KEY `ay_no` (`ay_no`)
) ENGINE=InnoDB  DEFAULT CHARSET=latin1 AUTO_INCREMENT=13 ;

--
-- Dumping data for table `semester_t`
--

INSERT INTO `semester_t` (`sem_id`, `sem_no`, `ay_no`, `sem_status`) VALUES
(1, 1, 1, 0),
(10, 2, 1, 0),
(11, 3, 1, 0),
(12, 1, 7, 1);

-- --------------------------------------------------------

--
-- Table structure for table `seminar_t`
--

CREATE TABLE IF NOT EXISTS `seminar_t` (
  `event_id` int(5) NOT NULL AUTO_INCREMENT,
  `event_title` varchar(64) DEFAULT NULL,
  `venue` int(5) DEFAULT NULL,
  PRIMARY KEY (`event_id`)
) ENGINE=InnoDB DEFAULT CHARSET=latin1 AUTO_INCREMENT=1 ;

-- --------------------------------------------------------

--
-- Table structure for table `service_t`
--

CREATE TABLE IF NOT EXISTS `service_t` (
  `service_id` int(5) NOT NULL AUTO_INCREMENT,
  `unit_id` int(15) DEFAULT NULL,
  `service_title` varchar(64) DEFAULT NULL,
  `transaction_flow` varchar(150) DEFAULT NULL,
  PRIMARY KEY (`service_id`),
  KEY `unit_id` (`unit_id`)
) ENGINE=InnoDB  DEFAULT CHARSET=latin1 AUTO_INCREMENT=12 ;

--
-- Dumping data for table `service_t`
--

INSERT INTO `service_t` (`service_id`, `unit_id`, `service_title`, `transaction_flow`) VALUES
(2, 19, 'Enrollment', '1.jpg'),
(3, 19, 'Aplication for Leave of Absence or Dropping of Subjects', NULL),
(4, 19, 'Cross Enrollment/Registration', NULL),
(5, 19, 'Application for Honorable Dismissal', NULL),
(6, 19, 'Graduation', NULL),
(7, 1, 'Cash Disbursements', NULL),
(8, 1, 'Issuance of Certification of Availability of Funds', NULL),
(9, 1, 'Obligation of Claims', NULL),
(10, 2, 'Applying as Student Tutor', 'rstc-tutor.jpg'),
(11, 2, 'Applying for Tutee', 'rstc-tutee.jpg');

-- --------------------------------------------------------

--
-- Table structure for table `session_time_t`
--

CREATE TABLE IF NOT EXISTS `session_time_t` (
  `id` int(11) NOT NULL,
  `time_limit` int(11) NOT NULL,
  PRIMARY KEY (`id`)
) ENGINE=InnoDB DEFAULT CHARSET=latin1;

--
-- Dumping data for table `session_time_t`
--

INSERT INTO `session_time_t` (`id`, `time_limit`) VALUES
(1, 300);

-- --------------------------------------------------------

--
-- Table structure for table `student_block_t`
--

CREATE TABLE IF NOT EXISTS `student_block_t` (
  `block_id` int(3) NOT NULL AUTO_INCREMENT,
  `block_name` varchar(16) NOT NULL,
  `course_code` varchar(16) NOT NULL,
  `year_level` int(2) NOT NULL,
  `sem_id` int(3) NOT NULL,
  PRIMARY KEY (`block_id`),
  KEY `sem_id` (`sem_id`),
  KEY `course_id` (`course_code`)
) ENGINE=InnoDB  DEFAULT CHARSET=latin1 AUTO_INCREMENT=937 ;

--
-- Dumping data for table `student_block_t`
--

INSERT INTO `student_block_t` (`block_id`, `block_name`, `course_code`, `year_level`, `sem_id`) VALUES
(702, 'BSIT 1A', 'BSIT', 1, 1),
(703, 'BSIT 1B', 'BSIT', 1, 1),
(704, 'BSIT 1C', 'BSIT', 1, 1),
(705, 'BSBA-MF 1A', 'BSBA-MF', 1, 1),
(706, 'BSBAMM 2', 'BSBAMM', 2, 1),
(707, 'BSIE 1B', 'BSIE', 1, 1),
(708, 'BSCS 3A', 'BSCS', 3, 1),
(709, 'BSCS 3B', 'BSCS', 3, 1),
(710, 'BEED 1-1', 'BEED', 1, 1),
(711, 'BEED 1-4', 'BEED', 1, 1),
(712, 'BEED 1-5', 'BEED', 1, 1),
(713, 'BSCS 4A', 'BSCS', 4, 1),
(714, 'BSCS 4B', 'BSCS', 4, 1),
(715, 'BSIT 3A', 'BSIT', 3, 1),
(716, 'BSIT 3B', 'BSIT', 3, 1),
(717, 'BSIT 3C', 'BSIT', 3, 1),
(718, 'BSIT 4', 'BSIT', 4, 1),
(719, 'BSIT 2A', 'BSIT', 2, 1),
(720, 'BSIT 2B', 'BSIT', 2, 1),
(721, 'BSIT 2C', 'BSIT', 2, 1),
(722, 'AB Econ 3A', 'AB Econ', 3, 1),
(723, 'BSCS 2A', 'BSCS', 2, 1),
(724, 'BSCS 2B', 'BSCS', 2, 1),
(725, 'AB Engl 2A', 'AB Engl', 2, 1),
(726, 'AB Engl 2B', 'AB Engl', 2, 1),
(727, 'AB Engl 2C', 'AB Engl', 2, 1),
(728, 'STA 2', 'STA', 2, 1),
(729, 'BSCS 1A', 'BSCS', 1, 1),
(730, 'BSCS 1B', 'BSCS', 1, 1),
(731, 'BSIE 1A', 'BSIE', 1, 1),
(732, 'BSCS 2C', 'BSCS', 2, 1),
(844, 'BSIT 1A', 'BSIT', 1, 11),
(845, 'BSIT 1B', 'BSIT', 1, 11),
(846, 'BSIT 1C', 'BSIT', 1, 11),
(847, 'BSBA-MF 1A', 'BSBA-MF', 1, 11),
(848, 'BSBAMM 2', 'BSBAMM', 2, 11),
(849, 'BSIE 1B', 'BSIE', 1, 11),
(850, 'BSCS 3A', 'BSCS', 3, 11),
(851, 'BSCS 3B', 'BSCS', 3, 11),
(852, 'BEED 1-1', 'BEED', 1, 11),
(853, 'BEED 1-4', 'BEED', 1, 11),
(854, 'BEED 1-5', 'BEED', 1, 11),
(855, 'BSCS 4A', 'BSCS', 4, 11),
(856, 'BSCS 4B', 'BSCS', 4, 11),
(857, 'BSIT 3A', 'BSIT', 3, 11),
(858, 'BSIT 3B', 'BSIT', 3, 11),
(859, 'BSIT 3C', 'BSIT', 3, 11),
(860, 'BSIT 4', 'BSIT', 4, 11),
(861, 'BSIT 2A', 'BSIT', 2, 11),
(862, 'BSIT 2B', 'BSIT', 2, 11),
(863, 'BSIT 2C', 'BSIT', 2, 11),
(864, 'AB Econ 3A', 'AB Econ', 3, 11),
(865, 'BSCS 2A', 'BSCS', 2, 11),
(866, 'BSCS 2B', 'BSCS', 2, 11),
(867, 'AB Engl 2A', 'AB Engl', 2, 11),
(868, 'AB Engl 2B', 'AB Engl', 2, 11),
(869, 'AB Engl 2C', 'AB Engl', 2, 11),
(870, 'STA 2', 'STA', 2, 11),
(871, 'BSCS 1A', 'BSCS', 1, 11),
(872, 'BSCS 1B', 'BSCS', 1, 11),
(873, 'BSIE 1A', 'BSIE', 1, 11),
(874, 'BSCS 2C', 'BSCS', 2, 11),
(906, 'BSIT 1A', 'BSIT', 1, 12),
(907, 'BSIT 1B', 'BSIT', 1, 12),
(908, 'BSIT 1C', 'BSIT', 1, 12),
(909, 'BSBA-MF 1A', 'BSBA-MF', 1, 12),
(910, 'BSBAMM 2', 'BSBAMM', 2, 12),
(911, 'BSIE 1B', 'BSIE', 1, 12),
(912, 'BSCS 3A', 'BSCS', 3, 12),
(913, 'BSCS 3B', 'BSCS', 3, 12),
(914, 'BEED 1-1', 'BEED', 1, 12),
(915, 'BEED 1-4', 'BEED', 1, 12),
(916, 'BEED 1-5', 'BEED', 1, 12),
(917, 'BSCS 4A', 'BSCS', 4, 12),
(918, 'BSCS 4B', 'BSCS', 4, 12),
(919, 'BSIT 3A', 'BSIT', 3, 12),
(920, 'BSIT 3B', 'BSIT', 3, 12),
(921, 'BSIT 3C', 'BSIT', 3, 12),
(922, 'BSIT 4', 'BSIT', 4, 12),
(923, 'BSIT 2A', 'BSIT', 2, 12),
(924, 'BSIT 2B', 'BSIT', 2, 12),
(925, 'BSIT 2C', 'BSIT', 2, 12),
(926, 'AB Econ 3A', 'AB Econ', 3, 12),
(927, 'BSCS 2A', 'BSCS', 2, 12),
(928, 'BSCS 2B', 'BSCS', 2, 12),
(929, 'AB Engl 2A', 'AB Engl', 2, 12),
(930, 'AB Engl 2B', 'AB Engl', 2, 12),
(931, 'AB Engl 2C', 'AB Engl', 2, 12),
(932, 'STA 2', 'STA', 2, 12),
(933, 'BSCS 1A', 'BSCS', 1, 12),
(934, 'BSCS 1B', 'BSCS', 1, 12),
(935, 'BSIE 1A', 'BSIE', 1, 12),
(936, 'BSCS 2C', 'BSCS', 2, 12);

-- --------------------------------------------------------

--
-- Table structure for table `student_grade_t`
--

CREATE TABLE IF NOT EXISTS `student_grade_t` (
  `grade_id` int(12) NOT NULL AUTO_INCREMENT,
  `load_id` int(11) DEFAULT NULL,
  `final_grade` float DEFAULT NULL,
  `tentative_final_grade` float NOT NULL,
  `midterm_grade` float NOT NULL,
  PRIMARY KEY (`grade_id`),
  KEY `reg_no` (`load_id`)
) ENGINE=InnoDB  DEFAULT CHARSET=latin1 AUTO_INCREMENT=747 ;

--
-- Dumping data for table `student_grade_t`
--

INSERT INTO `student_grade_t` (`grade_id`, `load_id`, `final_grade`, `tentative_final_grade`, `midterm_grade`) VALUES
(1, 2444, 1.68, 1.8, 1.5),
(2, 2445, 1.68, 1.8, 1.5),
(3, 2446, 1.68, 1.8, 1.5),
(4, 2447, 1.8, 1.8, 1.8),
(5, 2448, 1.68, 1.8, 1.5),
(6, 2449, 1.68, 1.8, 1.5),
(7, 2450, 1.68, 1.8, 1.5),
(8, 2451, 1.68, 1.8, 1.5),
(9, 2452, 1.68, 1.8, 1.5),
(10, 2453, 1.68, 1.8, 1.5),
(11, 2454, 1.68, 1.8, 1.5),
(12, 2455, 1.68, 1.8, 1.5),
(13, 2456, 1.68, 1.8, 1.5),
(14, 2457, 1.68, 1.8, 1.5),
(15, 2458, 1.68, 1.8, 1.5),
(16, 2459, 1.48, 1.8, 1),
(17, 2460, 1.48, 1.8, 1),
(18, 2461, 1.2, 1, 1.5),
(19, 2462, 1.68, 1.8, 1.5),
(20, 2463, 1.88, 1.8, 2),
(21, 2464, 1.68, 1.8, 1.5),
(22, 2465, 1.8, 1, 3),
(23, 2466, 1.68, 1.8, 1.5),
(24, 2467, 1.68, 1.8, 1.5),
(25, 2468, 1.58, 1.8, 1.25),
(26, 2469, 1.68, 1.8, 1.5),
(27, 2470, 1.68, 1.8, 1.5),
(28, 2471, 1.68, 1.8, 1.5),
(29, 2472, 1.68, 1.8, 1.5),
(30, 2473, 1.8, 2, 1.5),
(31, 2474, 1.68, 1.8, 1.5),
(32, 2475, 1.48, 1.8, 1),
(33, 2476, 1.68, 1.8, 1.5),
(34, 2477, 1.68, 1.8, 1.5),
(35, 2478, 1.68, 1.8, 1.5),
(36, 2479, 1.68, 1.8, 1.5),
(37, 2480, 1.88, 1.8, 2),
(38, 2481, 1.68, 1.8, 1.5),
(39, 2482, 1.8, 2, 1.5),
(40, 2483, 1.88, 1.8, 2),
(41, 2484, 1.68, 1.8, 1.5),
(42, 2485, 1.68, 1.8, 1.5),
(43, 2486, 2.4, 3, 1.5),
(44, 2487, 1.68, 1.8, 1.5),
(45, 2488, 2.28, 1.8, 3),
(46, 2489, 1.68, 1.8, 1.5),
(47, 2490, 1.68, 1.8, 1.5),
(48, 2491, 1.68, 1.8, 1.5),
(49, 2492, 1.68, 1.8, 1.5),
(50, 2493, 1.68, 1.8, 1.5),
(51, 2494, 1.68, 1.8, 1.5),
(52, 2495, 1.68, 1.8, 1.5),
(53, 2496, 1.68, 1.8, 1.5),
(54, 2497, 1.68, 1.8, 1.5),
(55, 2498, 1.68, 1.8, 1.5),
(56, 2499, 1.68, 1.8, 1.5),
(57, 2500, 1.68, 1.8, 1.5),
(58, 2501, 1.68, 1.8, 1.5),
(59, 2502, 1.68, 1.8, 1.5),
(60, 2503, 1.68, 1.8, 1.5),
(61, 2504, 1.68, 1.8, 1.5),
(62, 2505, 1.68, 1.8, 1.5),
(63, 2506, 1.68, 1.8, 1.5),
(64, 2507, 1.68, 1.8, 1.5),
(65, 2508, 1.68, 1.8, 1.5),
(66, 2509, 1.68, 1.8, 1.5),
(67, 2510, 1.68, 1.8, 1.5),
(68, 2511, 1.68, 1.8, 1.5),
(69, 2512, 1.68, 1.8, 1.5),
(70, 2513, 1.68, 1.8, 1.5),
(71, 2514, 1.68, 1.8, 1.5),
(72, 2515, 1.68, 1.8, 1.5),
(73, 2516, 1.68, 1.8, 1.5),
(74, 2517, 1.68, 1.8, 1.5),
(75, 2518, 1.68, 1.8, 1.5),
(76, 2519, 1.68, 1.8, 1.5),
(77, 2520, 1.68, 1.8, 1.5),
(78, 2521, 1.68, 1.8, 1.5),
(79, 2522, 1.68, 1.8, 1.5),
(80, 2523, 1.68, 1.8, 1.5),
(81, 2524, 1.68, 1.8, 1.5),
(82, 2525, 1.68, 1.8, 1.5),
(83, 2526, 1.68, 1.8, 1.5),
(84, 2527, 1.68, 1.8, 1.5),
(85, 2528, 1.68, 1.8, 1.5),
(86, 2529, 1.68, 1.8, 1.5),
(87, 2530, 1.68, 1.8, 1.5),
(88, 2531, 1.68, 1.8, 1.5),
(89, 2532, 1.68, 1.8, 1.5),
(90, 2533, 1.68, 1.8, 1.5),
(91, 2534, 1.68, 1.8, 1.5),
(92, 2535, 1.68, 1.8, 1.5),
(93, 2536, 1.68, 1.8, 1.5),
(94, 2537, 1.68, 1.8, 1.5),
(95, 2538, 1.68, 1.8, 1.5),
(96, 2539, 1.68, 1.8, 1.5),
(97, 2540, 1.68, 1.8, 1.5),
(98, 2541, 1.68, 1.8, 1.5),
(99, 2542, 1.68, 1.8, 1.5),
(100, 2543, 1.68, 1.8, 1.5),
(101, 2544, 1.68, 1.8, 1.5),
(102, 2545, 1.68, 1.8, 1.5),
(103, 2546, 1.68, 1.8, 1.5),
(104, 2547, 1.68, 1.8, 1.5),
(105, 2548, 1.68, 1.8, 1.5),
(106, 2549, 1.68, 1.8, 1.5),
(107, 2550, 1.68, 1.8, 1.5),
(108, 2551, 1.68, 1.8, 1.5),
(109, 2552, 1.68, 1.8, 1.5),
(110, 2553, 1.68, 1.8, 1.5),
(111, 2554, 1.68, 1.8, 1.5),
(112, 2555, 1.68, 1.8, 1.5),
(113, 2556, 1.68, 1.8, 1.5),
(114, 2557, 1.68, 1.8, 1.5),
(115, 2558, 1.68, 1.8, 1.5),
(116, 2559, 1.68, 1.8, 1.5),
(117, 2560, 1.68, 1.8, 1.5),
(118, 2561, 1.68, 1.8, 1.5),
(119, 2562, 1.68, 1.8, 1.5),
(120, 2563, 1.68, 1.8, 1.5),
(121, 2564, 1.68, 1.8, 1.5),
(122, 2565, 1.68, 1.8, 1.5),
(123, 2566, 1.68, 1.8, 1.5),
(124, 2567, 1.68, 1.8, 1.5),
(125, 2568, 1.68, 1.8, 1.5),
(126, 2569, 1.68, 1.8, 1.5),
(127, 2570, 1.68, 1.8, 1.5),
(128, 2571, 1.68, 1.8, 1.5),
(129, 2572, 1.68, 1.8, 1.5),
(130, 2573, 1.68, 1.8, 1.5),
(131, 2574, 1.68, 1.8, 1.5),
(132, 2575, 1.68, 1.8, 1.5),
(133, 2576, 1.68, 1.8, 1.5),
(134, 2577, 1.68, 1.8, 1.5),
(135, 2578, 1.68, 1.8, 1.5),
(136, 2579, 1.68, 1.8, 1.5),
(137, 2580, 1.68, 1.8, 1.5),
(138, 2581, 1.68, 1.8, 1.5),
(139, 2582, 1.68, 1.8, 1.5),
(140, 2583, 1.68, 1.8, 1.5),
(141, 2584, 1.68, 1.8, 1.5),
(142, 2585, 1.68, 1.8, 1.5),
(143, 2586, 1.68, 1.8, 1.5),
(144, 2587, 1.68, 1.8, 1.5),
(145, 2588, 1.68, 1.8, 1.5),
(146, 2589, 1.68, 1.8, 1.5),
(147, 2590, 1.68, 1.8, 1.5),
(148, 2591, 1.68, 1.8, 1.5),
(149, 2592, 1.68, 1.8, 1.5),
(150, 2593, 1.68, 1.8, 1.5),
(151, 2594, 1.68, 1.8, 1.5),
(152, 2595, 1.68, 1.8, 1.5),
(153, 2596, 1.68, 1.8, 1.5),
(154, 2597, 1.68, 1.8, 1.5),
(155, 2598, 1.68, 1.8, 1.5),
(156, 2599, 1.68, 1.8, 1.5),
(157, 2600, 1.68, 1.8, 1.5),
(158, 2601, 1.68, 1.8, 1.5),
(159, 2602, 1.68, 1.8, 1.5),
(160, 2603, 1.68, 1.8, 1.5),
(161, 2604, 1.68, 1.8, 1.5),
(162, 2605, 1.68, 1.8, 1.5),
(163, 2606, 1.68, 1.8, 1.5),
(164, 2607, 1.68, 1.8, 1.5),
(165, 2608, 1.68, 1.8, 1.5),
(166, 2609, 1.68, 1.8, 1.5),
(167, 2610, 1.68, 1.8, 1.5),
(168, 2611, 1.68, 1.8, 1.5),
(169, 2612, 1.68, 1.8, 1.5),
(170, 2613, 1.68, 1.8, 1.5),
(171, 2614, 1.68, 1.8, 1.5),
(172, 2615, 1.68, 1.8, 1.5),
(173, 2616, 1.68, 1.8, 1.5),
(174, 2617, 1.68, 1.8, 1.5),
(175, 2618, 1.68, 1.8, 1.5),
(176, 2619, 1.68, 1.8, 1.5),
(177, 2620, 1.68, 1.8, 1.5),
(178, 2621, 1.68, 1.8, 1.5),
(179, 2622, 1.68, 1.8, 1.5),
(180, 2623, 1.68, 1.8, 1.5),
(181, 2624, 1.68, 1.8, 1.5),
(182, 2625, 1.68, 1.8, 1.5),
(183, 2626, 1.68, 1.8, 1.5),
(184, 2627, 1.68, 1.8, 1.5),
(185, 2628, 1.68, 1.8, 1.5),
(186, 2629, 1.68, 1.8, 1.5),
(187, 2630, 1.68, 1.8, 1.5),
(188, 2631, 1.68, 1.8, 1.5),
(189, 2632, 1.68, 1.8, 1.5),
(190, 2633, 1.68, 1.8, 1.5),
(191, 2634, 1.68, 1.8, 1.5),
(192, 2635, 1.68, 1.8, 1.5),
(193, 2636, 1.68, 1.8, 1.5),
(194, 2637, 1.68, 1.8, 1.5),
(195, 2638, 1.68, 1.8, 1.5),
(196, 2639, 1.68, 1.8, 1.5),
(197, 2640, 1.68, 1.8, 1.5),
(198, 2641, 1.68, 1.8, 1.5),
(199, 2642, 1.68, 1.8, 1.5),
(200, 2643, 1.68, 1.8, 1.5),
(201, 2644, 1.68, 1.8, 1.5),
(202, 2645, 1.68, 1.8, 1.5),
(203, 2646, 1.68, 1.8, 1.5),
(204, 2647, 1.68, 1.8, 1.5),
(205, 2648, 1.68, 1.8, 1.5),
(206, 2649, 1.68, 1.8, 1.5),
(207, 2650, 1.68, 1.8, 1.5),
(208, 2651, 1.68, 1.8, 1.5),
(209, 2652, 1.68, 1.8, 1.5),
(210, 2653, 1.68, 1.8, 1.5),
(211, 2654, 1.68, 1.8, 1.5),
(212, 2655, 1.68, 1.8, 1.5),
(213, 2656, 1.68, 1.8, 1.5),
(214, 2657, 1.68, 1.8, 1.5),
(215, 2658, 1.68, 1.8, 1.5),
(216, 2659, 1.68, 1.8, 1.5),
(217, 2660, 1.68, 1.8, 1.5),
(218, 2661, 1.68, 1.8, 1.5),
(219, 2662, 1.68, 1.8, 1.5),
(220, 2663, 1.68, 1.8, 1.5),
(221, 2664, 1.68, 1.8, 1.5),
(222, 2665, 1.68, 1.8, 1.5),
(223, 2666, 1.68, 1.8, 1.5),
(224, 2667, 1.68, 1.8, 1.5),
(225, 2668, 1.68, 1.8, 1.5),
(226, 2669, 1.68, 1.8, 1.5),
(227, 2670, 1.68, 1.8, 1.5),
(228, 2671, 1.68, 1.8, 1.5),
(229, 2672, 1.68, 1.8, 1.5),
(230, 2673, 1.68, 1.8, 1.5),
(231, 2674, 1.68, 1.8, 1.5),
(232, 2675, 1.68, 1.8, 1.5),
(233, 2676, 1.68, 1.8, 1.5),
(234, 2677, 1.68, 1.8, 1.5),
(235, 2678, 1.68, 1.8, 1.5),
(236, 2679, 1.68, 1.8, 1.5),
(237, 2680, 1.68, 1.8, 1.5),
(238, 2681, 1.68, 1.8, 1.5),
(239, 2682, 1.68, 1.8, 1.5),
(240, 2683, 1.68, 1.8, 1.5),
(241, 2684, 1.68, 1.8, 1.5),
(242, 2685, 1.68, 1.8, 1.5),
(243, 2686, 1.68, 1.8, 1.5),
(244, 2687, 1.68, 1.8, 1.5),
(245, 2688, 1.68, 1.8, 1.5),
(246, 2689, 1.68, 1.8, 1.5),
(247, 2690, 1.68, 1.8, 1.5),
(248, 2691, 1.68, 1.8, 1.5),
(249, 2692, 1.68, 1.8, 1.5),
(250, 2693, 1.68, 1.8, 1.5),
(251, 2694, 1.68, 1.8, 1.5),
(252, 2695, 1.68, 1.8, 1.5),
(253, 2696, 1.68, 1.8, 1.5),
(254, 2697, 1.68, 1.8, 1.5),
(255, 2698, 1.68, 1.8, 1.5),
(256, 2699, 1.68, 1.8, 1.5),
(257, 2700, 1.68, 1.8, 1.5),
(258, 2701, 1.68, 1.8, 1.5),
(259, 2702, 1.68, 1.8, 1.5),
(260, 2703, 1.68, 1.8, 1.5),
(261, 2704, 1.68, 1.8, 1.5),
(262, 2705, 1.68, 1.8, 1.5),
(263, 2706, 1.68, 1.8, 1.5),
(264, 2707, 1.68, 1.8, 1.5),
(265, 2708, 1.68, 1.8, 1.5),
(266, 2709, 1.68, 1.8, 1.5),
(267, 2710, 1.68, 1.8, 1.5),
(268, 2711, 1.68, 1.8, 1.5),
(269, 2712, 1.68, 1.8, 1.5),
(270, 2713, 1.68, 1.8, 1.5),
(271, 2714, 1.68, 1.8, 1.5),
(272, 2715, 1.68, 1.8, 1.5),
(273, 2716, 1.68, 1.8, 1.5),
(274, 2717, 1.68, 1.8, 1.5),
(275, 2718, 1.68, 1.8, 1.5),
(276, 2719, 1.68, 1.8, 1.5),
(277, 2720, 1.68, 1.8, 1.5),
(278, 2721, 1.68, 1.8, 1.5),
(279, 2722, 1.68, 1.8, 1.5),
(280, 2723, 1.68, 1.8, 1.5),
(281, 2724, 1.68, 1.8, 1.5),
(282, 2725, 1.68, 1.8, 1.5),
(283, 2726, 1.68, 1.8, 1.5),
(284, 2727, 1.68, 1.8, 1.5),
(285, 2728, 1.68, 1.8, 1.5),
(286, 2729, 1.68, 1.8, 1.5),
(287, 2730, 1.68, 1.8, 1.5),
(288, 2731, 1.68, 1.8, 1.5),
(289, 2732, 1.68, 1.8, 1.5),
(290, 2733, 1.68, 1.8, 1.5),
(291, 2734, 1.68, 1.8, 1.5),
(292, 2735, 1.68, 1.8, 1.5),
(293, 2736, 1.68, 1.8, 1.5),
(294, 2737, 1.68, 1.8, 1.5),
(295, 2738, 1.68, 1.8, 1.5),
(296, 2739, 1.68, 1.8, 1.5),
(297, 2740, 1.68, 1.8, 1.5),
(298, 2741, 1.68, 1.8, 1.5),
(299, 2742, 1.68, 1.8, 1.5),
(300, 2743, 1.68, 1.8, 1.5),
(301, 2744, 1.68, 1.8, 1.5),
(302, 2745, 1.68, 1.8, 1.5),
(303, 2746, 1.68, 1.8, 1.5),
(304, 2747, 1.68, 1.8, 1.5),
(305, 2748, 1.68, 1.8, 1.5),
(306, 2749, 1.68, 1.8, 1.5),
(307, 2750, 1.68, 1.8, 1.5),
(308, 2751, 1.68, 1.8, 1.5),
(309, 2752, 1.68, 1.8, 1.5),
(310, 2753, 1.68, 1.8, 1.5),
(311, 2754, 1.68, 1.8, 1.5),
(312, 2755, 1.68, 1.8, 1.5),
(313, 2756, 1.68, 1.8, 1.5),
(314, 2757, 1.68, 1.8, 1.5),
(315, 2758, 1.68, 1.8, 1.5),
(316, 2759, 1.68, 1.8, 1.5),
(317, 2760, 1.68, 1.8, 1.5),
(318, 2761, 1.68, 1.8, 1.5),
(319, 2762, 1.68, 1.8, 1.5),
(320, 2763, 1.68, 1.8, 1.5),
(321, 2764, 1.68, 1.8, 1.5),
(322, 2765, 1.68, 1.8, 1.5),
(323, 2766, 1.68, 1.8, 1.5),
(324, 2767, 1.68, 1.8, 1.5),
(325, 2768, 1.68, 1.8, 1.5),
(326, 2769, 1.68, 1.8, 1.5),
(327, 2770, 1.68, 1.8, 1.5),
(328, 2771, 1.68, 1.8, 1.5),
(329, 2772, 1.68, 1.8, 1.5),
(330, 2773, 0, 0, 1.5),
(331, 2774, 1.68, 1.8, 1.5),
(332, 2775, 1.68, 1.8, 1.5),
(333, 2776, 1.68, 1.8, 1.5),
(334, 2777, 1.68, 1.8, 1.5),
(335, 2778, 1.68, 1.8, 1.5),
(336, 2779, 1.68, 1.8, 1.5),
(337, 2780, 1.68, 1.8, 1.5),
(338, 2781, 1.68, 1.8, 1.5),
(339, 2782, 1.68, 1.8, 1.5),
(340, 2783, 1.68, 1.8, 1.5),
(341, 2784, 1.68, 1.8, 1.5),
(342, 2785, 1.68, 1.8, 1.5),
(343, 2786, 1.68, 1.8, 1.5),
(344, 2787, 1.68, 1.8, 1.5),
(345, 2788, 1.68, 1.8, 1.5),
(346, 2789, 1.68, 1.8, 1.5),
(347, 2790, 1.68, 1.8, 1.5),
(348, 2791, 1.68, 1.8, 1.5),
(349, 2792, 1.68, 1.8, 1.5),
(350, 2793, 1.68, 1.8, 1.5),
(351, 2794, 1.68, 1.8, 1.5),
(352, 2795, 1.68, 1.8, 1.5),
(353, 2796, 1.68, 1.8, 1.5),
(354, 2797, 1.68, 1.8, 1.5),
(355, 2798, 1.68, 1.8, 1.5),
(356, 2799, 1.68, 1.8, 1.5),
(357, 2800, 1.68, 1.8, 1.5),
(358, 2801, 1.68, 1.8, 1.5),
(359, 2802, 1.68, 1.8, 1.5),
(360, 2803, 1.68, 1.8, 1.5),
(361, 2804, 1.68, 1.8, 1.5),
(362, 2805, 1.68, 1.8, 1.5),
(363, 2806, 1.68, 1.8, 1.5),
(364, 2807, 1.68, 1.8, 1.5),
(365, 2808, 1.68, 1.8, 1.5),
(366, 2809, 1.68, 1.8, 1.5),
(367, 2810, 1.68, 1.8, 1.5),
(368, 2811, 1.68, 1.8, 1.5),
(369, 2812, 1.68, 1.8, 1.5),
(370, 2813, 1.68, 1.8, 1.5),
(371, 2814, 1.68, 1.8, 1.5),
(372, 2815, 1.68, 1.8, 1.5),
(373, 2816, 1.68, 1.8, 1.5),
(374, 2817, 1.68, 1.8, 1.5),
(375, 2818, 1.68, 1.8, 1.5),
(376, 2819, 1.68, 1.8, 1.5),
(377, 2820, 1.68, 1.8, 1.5),
(378, 2821, 1.68, 1.8, 1.5),
(379, 2822, 1.68, 1.8, 1.5),
(380, 2823, 1.68, 1.8, 1.5),
(381, 2824, 1.68, 1.8, 1.5),
(382, 2825, 1.68, 1.8, 1.5),
(383, 2826, 1.68, 1.8, 1.5),
(384, 2827, 1.68, 1.8, 1.5),
(385, 2828, 1.68, 1.8, 1.5),
(386, 2829, 1.68, 1.8, 1.5),
(387, 2830, 1.68, 1.8, 1.5),
(388, 2831, 1.68, 1.8, 1.5),
(389, 2832, 1.68, 1.8, 1.5),
(390, 2833, 1.68, 1.8, 1.5),
(391, 2834, 1.68, 1.8, 1.5),
(392, 2835, 1.68, 1.8, 1.5),
(393, 2836, 1.68, 1.8, 1.5),
(394, 2837, 1.68, 1.8, 1.5),
(395, 2838, 1.68, 1.8, 1.5),
(396, 2839, 1.68, 1.8, 1.5),
(397, 2840, 1.68, 1.8, 1.5),
(398, 2841, 1.68, 1.8, 1.5),
(399, 2842, 1.68, 1.8, 1.5),
(400, 2843, 1.68, 1.8, 1.5),
(401, 2844, 1.68, 1.8, 1.5),
(402, 2845, 1.68, 1.8, 1.5),
(403, 2846, 1.68, 1.8, 1.5),
(404, 2847, 1.68, 1.8, 1.5),
(405, 2848, 1.68, 1.8, 1.5),
(406, 2849, 1.68, 1.8, 1.5),
(407, 2850, 1.68, 1.8, 1.5),
(408, 2851, 1.68, 1.8, 1.5),
(409, 2852, 1.68, 1.8, 1.5),
(410, 2853, 1.68, 1.8, 1.5),
(411, 2854, 1.68, 1.8, 1.5),
(412, 2855, 1.68, 1.8, 1.5),
(413, 2856, 1.68, 1.8, 1.5),
(414, 2857, 1.68, 1.8, 1.5),
(415, 2858, 1.68, 1.8, 1.5),
(416, 2859, 1.68, 1.8, 1.5),
(417, 2860, 1.68, 1.8, 1.5),
(418, 2861, 1.68, 1.8, 1.5),
(419, 2862, 1.68, 1.8, 1.5),
(420, 2863, 1.68, 1.8, 1.5),
(421, 2864, 1.68, 1.8, 1.5),
(422, 2865, 1.68, 1.8, 1.5),
(423, 2866, 1.68, 1.8, 1.5),
(424, 2867, 1.68, 1.8, 1.5),
(425, 2868, 1.68, 1.8, 1.5),
(426, 2869, 1.68, 1.8, 1.5),
(427, 2870, 1.68, 1.8, 1.5),
(428, 2871, 1.68, 1.8, 1.5),
(429, 2872, 1.68, 1.8, 1.5),
(430, 2873, 1.68, 1.8, 1.5),
(431, 2874, 1.68, 1.8, 1.5),
(432, 2875, 1.68, 1.8, 1.5),
(433, 2876, 1.68, 1.8, 1.5),
(434, 2877, 1.68, 1.8, 1.5),
(435, 2878, 1.68, 1.8, 1.5),
(436, 2879, 1.68, 1.8, 1.5),
(437, 2880, 1.68, 1.8, 1.5),
(438, 2881, 1.68, 1.8, 1.5),
(439, 2882, 1.68, 1.8, 1.5),
(440, 2883, 1.68, 1.8, 1.5),
(441, 2884, 1.68, 1.8, 1.5),
(442, 2885, 1.68, 1.8, 1.5),
(443, 2886, 1.68, 1.8, 1.5),
(444, 2887, 1.68, 1.8, 1.5),
(445, 2888, 1.68, 1.8, 1.5),
(446, 2889, 1.68, 1.8, 1.5),
(447, 2890, 1.68, 1.8, 1.5),
(448, 2891, 1.68, 1.8, 1.5),
(449, 2892, 1.68, 1.8, 1.5),
(450, 2893, 1.68, 1.8, 1.5),
(451, 2894, 1.68, 1.8, 1.5),
(452, 2895, 1.68, 1.8, 1.5),
(453, 2896, 1.68, 1.8, 1.5),
(454, 2897, 1.68, 1.8, 1.5),
(455, 2898, 1.68, 1.8, 1.5),
(456, 2899, 1.68, 1.8, 1.5),
(457, 2900, 1.68, 1.8, 1.5),
(458, 2901, 1.68, 1.8, 1.5),
(459, 2902, 1.68, 1.8, 1.5),
(460, 2903, 1.68, 1.8, 1.5),
(461, 2904, 1.68, 1.8, 1.5),
(462, 2905, 1.68, 1.8, 1.5),
(463, 2906, 1.68, 1.8, 1.5),
(464, 2907, 1.68, 1.8, 1.5),
(465, 2908, 1.68, 1.8, 1.5),
(466, 2909, 1.68, 1.8, 1.5),
(467, 2910, 1.68, 1.8, 1.5),
(468, 2911, 1.68, 1.8, 1.5),
(469, 2912, 1.68, 1.8, 1.5),
(470, 2913, 1.68, 1.8, 1.5),
(471, 2914, 1.68, 1.8, 1.5),
(472, 2915, 1.68, 1.8, 1.5),
(473, 2916, 1.68, 1.8, 1.5),
(474, 2917, 1.68, 1.8, 1.5),
(475, 2918, 1.68, 1.8, 1.5),
(476, 2919, 1.68, 1.8, 1.5),
(477, 2920, 1.68, 1.8, 1.5),
(478, 2921, 1.68, 1.8, 1.5),
(479, 2922, 1.68, 1.8, 1.5),
(480, 2923, 1.68, 1.8, 1.5),
(481, 2924, 1.68, 1.8, 1.5),
(482, 2925, 1.68, 1.8, 1.5),
(483, 2926, 1.68, 1.8, 1.5),
(484, 2927, 1.68, 1.8, 1.5),
(485, 2928, 1.68, 1.8, 1.5),
(486, 2929, 1.68, 1.8, 1.5),
(487, 2930, 1.68, 1.8, 1.5),
(488, 2931, 1.68, 1.8, 1.5),
(489, 2932, 1.68, 1.8, 1.5),
(490, 2933, 1.68, 1.8, 1.5),
(491, 2934, 1.68, 1.8, 1.5),
(492, 2935, 1.68, 1.8, 1.5),
(493, 2936, 1.68, 1.8, 1.5),
(494, 2937, 1.68, 1.8, 1.5),
(495, 2938, 1.68, 1.8, 1.5),
(496, 2939, 1.68, 1.8, 1.5),
(497, 2940, 1.68, 1.8, 1.5),
(498, 2941, 1.68, 1.8, 1.5),
(499, 2942, 1.68, 1.8, 1.5),
(500, 2943, 1.68, 1.8, 1.5),
(501, 2944, 1.68, 1.8, 1.5),
(502, 2945, 1.68, 1.8, 1.5),
(503, 2946, 1.68, 1.8, 1.5),
(504, 2947, 1.68, 1.8, 1.5),
(505, 2948, 1.68, 1.8, 1.5),
(506, 2949, 1.68, 1.8, 1.5),
(507, 2950, 1.68, 1.8, 1.5),
(508, 2951, 1.68, 1.8, 1.5),
(509, 2952, 1.68, 1.8, 1.5),
(510, 2953, 1.68, 1.8, 1.5),
(511, 2954, 1.68, 1.8, 1.5),
(512, 2955, 1.68, 1.8, 1.5),
(513, 2956, 1.68, 1.8, 1.5),
(514, 2957, 1.68, 1.8, 1.5),
(515, 2958, 1.68, 1.8, 1.5),
(516, 2959, 1.68, 1.8, 1.5),
(517, 2960, 1.68, 1.8, 1.5),
(518, 2961, 1.68, 1.8, 1.5),
(519, 2962, 1.68, 1.8, 1.5),
(520, 2963, 1.68, 1.8, 1.5),
(521, 2964, 1.68, 1.8, 1.5),
(522, 2965, 1.68, 1.8, 1.5),
(523, 2966, 1.68, 1.8, 1.5),
(524, 2967, 1.68, 1.8, 1.5),
(525, 2968, 1.68, 1.8, 1.5),
(526, 2969, 1.68, 1.8, 1.5),
(527, 2970, 1.68, 1.8, 1.5),
(528, 2971, 1.68, 1.8, 1.5),
(529, 2972, 1.68, 1.8, 1.5),
(530, 2973, 1.68, 1.8, 1.5),
(531, 2974, 1.68, 1.8, 1.5),
(532, 2975, 1.68, 1.8, 1.5),
(533, 2976, 1.68, 1.8, 1.5),
(534, 2977, 1.68, 1.8, 1.5),
(535, 2978, 1.68, 1.8, 1.5),
(536, 2979, 1.68, 1.8, 1.5),
(537, 2980, 1.68, 1.8, 1.5),
(538, 2981, 1.68, 1.8, 1.5),
(539, 2982, 1.68, 1.8, 1.5),
(540, 2983, 1.68, 1.8, 1.5),
(541, 2984, 1.68, 1.8, 1.5),
(542, 2985, 1.68, 1.8, 1.5),
(543, 2986, 1.68, 1.8, 1.5),
(544, 2987, 1.68, 1.8, 1.5),
(545, 2988, 1.68, 1.8, 1.5),
(546, 2989, 1.68, 1.8, 1.5),
(547, 2990, 1.68, 1.8, 1.5),
(548, 2991, 1.68, 1.8, 1.5),
(549, 2992, 1.68, 1.8, 1.5),
(550, 2993, 1.68, 1.8, 1.5),
(551, 2994, 1.68, 1.8, 1.5),
(552, 2995, 1.68, 1.8, 1.5),
(553, 2996, 1.68, 1.8, 1.5),
(554, 2997, 1.68, 1.8, 1.5),
(555, 2998, 1.68, 1.8, 1.5),
(556, 2999, 1.68, 1.8, 1.5),
(557, 3000, 1.68, 1.8, 1.5),
(558, 3001, 1.68, 1.8, 1.5),
(559, 3002, 1.68, 1.8, 1.5),
(560, 3003, 1.68, 1.8, 1.5),
(561, 3004, 1.68, 1.8, 1.5),
(562, 3005, 1.68, 1.8, 1.5),
(563, 3006, 1.68, 1.8, 1.5),
(564, 3007, 1.68, 1.8, 1.5),
(565, 3008, 1.68, 1.8, 1.5),
(566, 3009, 1.68, 1.8, 1.5),
(567, 3010, 1.68, 1.8, 1.5),
(568, 3011, 1.68, 1.8, 1.5),
(569, 3012, 1.68, 1.8, 1.5),
(570, 3013, 1.68, 1.8, 1.5),
(571, 3014, 1.68, 1.8, 1.5),
(572, 3015, 1.68, 1.8, 1.5),
(573, 3016, 1.68, 1.8, 1.5),
(574, 3017, 1.68, 1.8, 1.5),
(575, 3018, 1.68, 1.8, 1.5),
(576, 3019, 1.68, 1.8, 1.5),
(577, 3020, 1.68, 1.8, 1.5),
(578, 3021, 1.68, 1.8, 1.5),
(579, 3022, 1.68, 1.8, 1.5),
(580, 3023, 1.68, 1.8, 1.5),
(581, 3024, 1.68, 1.8, 1.5),
(582, 3025, 1.68, 1.8, 1.5),
(583, 3026, 1.68, 1.8, 1.5),
(584, 3027, 1.68, 1.8, 1.5),
(585, 3028, 1.68, 1.8, 1.5),
(586, 3029, 1.68, 1.8, 1.5),
(587, 3030, 1.68, 1.8, 1.5),
(588, 3031, 1.68, 1.8, 1.5),
(589, 3032, 1.68, 1.8, 1.5),
(590, 3033, 1.68, 1.8, 1.5),
(591, 3034, 1.68, 1.8, 1.5),
(592, 3035, 1.68, 1.8, 1.5),
(593, 3036, 1.68, 1.8, 1.5),
(594, 3037, 1.68, 1.8, 1.5),
(595, 3038, 1.68, 1.8, 1.5),
(596, 3039, 1.68, 1.8, 1.5),
(597, 3040, 1.68, 1.8, 1.5),
(598, 3041, 1.68, 1.8, 1.5),
(599, 3042, 1.68, 1.8, 1.5),
(600, 3043, 1.68, 1.8, 1.5),
(601, 3044, 1.68, 1.8, 1.5),
(602, 3045, 1.68, 1.8, 1.5),
(603, 3046, 1.68, 1.8, 1.5),
(604, 3047, 1.68, 1.8, 1.5),
(605, 3048, 1.68, 1.8, 1.5),
(606, 3049, 1.68, 1.8, 1.5),
(607, 3050, 1.68, 1.8, 1.5),
(608, 3051, 1.68, 1.8, 1.5),
(609, 3052, 1.68, 1.8, 1.5),
(610, 3053, 1.68, 1.8, 1.5),
(611, 3054, 1.68, 1.8, 1.5),
(612, 3055, 1.68, 1.8, 1.5),
(613, 3056, 1.68, 1.8, 1.5),
(614, 3057, 1.68, 1.8, 1.5),
(615, 3058, 1.68, 1.8, 1.5),
(616, 3059, 1.68, 1.8, 1.5),
(617, 3060, 1.68, 1.8, 1.5),
(618, 3061, 1.68, 1.8, 1.5),
(619, 3062, 1.68, 1.8, 1.5),
(620, 3063, 1.68, 1.8, 1.5),
(621, 3064, 1.68, 1.8, 1.5),
(622, 3065, 1.68, 1.8, 1.5),
(623, 3066, 1.68, 1.8, 1.5),
(624, 3067, 1.68, 1.8, 1.5),
(625, 3068, 1.68, 1.8, 1.5),
(626, 3069, 1.68, 1.8, 1.5),
(627, 3070, 1.68, 1.8, 1.5),
(628, 3071, 1.68, 1.8, 1.5),
(629, 3072, 1.68, 1.8, 1.5),
(630, 3073, 1.68, 1.8, 1.5),
(631, 3074, 1.68, 1.8, 1.5),
(632, 3075, 1.68, 1.8, 1.5),
(633, 3076, 1.68, 1.8, 1.5),
(634, 3077, 1.68, 1.8, 1.5),
(635, 3078, 1.68, 1.8, 1.5),
(636, 3079, 1.68, 1.8, 1.5),
(637, 3080, 1.68, 1.8, 1.5),
(638, 3081, 1.68, 1.8, 1.5),
(639, 3082, 1.68, 1.8, 1.5),
(640, 3083, 1.68, 1.8, 1.5),
(641, 3084, 1.68, 1.8, 1.5),
(642, 3085, 1.68, 1.8, 1.5),
(643, 3086, 1.68, 1.8, 1.5),
(644, 3087, 1.68, 1.8, 1.5),
(645, 3088, 1.68, 1.8, 1.5),
(646, 3089, 1.68, 1.8, 1.5),
(647, 3090, 1.68, 1.8, 1.5),
(648, 3091, 1.68, 1.8, 1.5),
(649, 3092, 1.68, 1.8, 1.5),
(650, 3093, 1.68, 1.8, 1.5),
(651, 3094, 1.68, 1.8, 1.5),
(652, 3095, 1.68, 1.8, 1.5),
(653, 3096, 1.68, 1.8, 1.5),
(654, 3097, 1.68, 1.8, 1.5),
(655, 3098, 1.68, 1.8, 1.5),
(656, 3099, 1.68, 1.8, 1.5),
(657, 3100, 1.68, 1.8, 1.5),
(658, 3101, 1.68, 1.8, 1.5),
(659, 3102, 1.68, 1.8, 1.5),
(660, 3103, 1.68, 1.8, 1.5),
(661, 3104, 1.68, 1.8, 1.5),
(662, 3105, 1.68, 1.8, 1.5),
(663, 3106, 1.68, 1.8, 1.5),
(664, 3107, 1.68, 1.8, 1.5),
(665, 3108, 1.68, 1.8, 1.5),
(666, 3109, 1.68, 1.8, 1.5),
(667, 3110, 1.68, 1.8, 1.5),
(668, 3111, 1.68, 1.8, 1.5),
(669, 3112, 1.68, 1.8, 1.5),
(670, 3113, 1.68, 1.8, 1.5),
(671, 3114, 1.68, 1.8, 1.5),
(672, 3115, 1.68, 1.8, 1.5),
(673, 3116, 1.68, 1.8, 1.5),
(674, 3117, 1.68, 1.8, 1.5),
(675, 3118, 1.68, 1.8, 1.5),
(676, 3119, 1.68, 1.8, 1.5),
(677, 3120, 1.68, 1.8, 1.5),
(678, 3121, 1.68, 1.8, 1.5),
(679, 3122, 1.68, 1.8, 1.5),
(680, 3123, 1.68, 1.8, 1.5),
(681, 3124, 1.68, 1.8, 1.5),
(682, 3125, 1.68, 1.8, 1.5),
(683, 3126, 1.68, 1.8, 1.5),
(684, 3127, 1.68, 1.8, 1.5),
(685, 3128, 1.68, 1.8, 1.5),
(686, 3129, 1.68, 1.8, 1.5),
(687, 3130, 1.68, 1.8, 1.5),
(688, 3131, 1.68, 1.8, 1.5),
(689, 3132, 1.68, 1.8, 1.5),
(690, 3133, 1.68, 1.8, 1.5),
(691, 3134, 1.68, 1.8, 1.5),
(692, 3135, 1.68, 1.8, 1.5),
(693, 3136, 1.68, 1.8, 1.5),
(694, 3137, 1.68, 1.8, 1.5),
(695, 3138, 1.68, 1.8, 1.5),
(696, 3139, 1.68, 1.8, 1.5),
(697, 3140, 1.68, 1.8, 1.5),
(698, 3141, 1.68, 1.8, 1.5),
(699, 3142, 1.68, 1.8, 1.5),
(700, 3143, 1.68, 1.8, 1.5),
(701, 3144, 1.68, 1.8, 1.5),
(702, 3145, 1.68, 1.8, 1.5),
(703, 3146, 1.68, 1.8, 1.5),
(704, 3147, 1.68, 1.8, 1.5),
(705, 3148, 1.68, 1.8, 1.5),
(706, 3149, 1.68, 1.8, 1.5),
(707, 3150, 1.68, 1.8, 1.5),
(708, 3151, 1.68, 1.8, 1.5),
(709, 3152, 1.68, 1.8, 1.5),
(710, 3153, 1.68, 1.8, 1.5),
(711, 3154, 1.68, 1.8, 1.5),
(712, 3155, 1.68, 1.8, 1.5),
(713, 3156, 1.68, 1.8, 1.5),
(714, 3157, 1.68, 1.8, 1.5),
(715, 3158, 1.68, 1.8, 1.5),
(716, 3159, 1.68, 1.8, 1.5),
(717, 3160, 1.68, 1.8, 1.5),
(718, 3161, 1.68, 1.8, 1.5),
(719, 3162, 2.4, 3, 1.5),
(720, 3163, 1.68, 1.8, 1.5),
(721, 3164, 1.68, 1.8, 1.5),
(722, 3165, 2.4, 3, 1.5),
(723, 3166, 1.68, 1.8, 1.5),
(724, 3167, 1.68, 1.8, 1.5),
(725, 3168, 1.68, 1.8, 1.5),
(726, 3169, 1.68, 1.8, 1.5),
(727, 3170, 1.68, 1.8, 1.5),
(728, 3171, 1.68, 1.8, 1.5),
(729, 3172, 1.68, 1.8, 1.5),
(730, 3173, 1.68, 1.8, 1.5),
(731, 3174, 1.68, 1.8, 1.5),
(732, 3175, 1.68, 1.8, 1.5),
(733, 3176, 1.68, 1.8, 1.5),
(734, 3177, 1.68, 1.8, 1.5),
(735, 3178, 1.68, 1.8, 1.5),
(736, 3179, 1.68, 1.8, 1.5),
(737, 3180, 1.68, 1.8, 1.5),
(738, 3181, 1.68, 1.8, 1.5),
(739, 3182, 1.68, 1.8, 1.5),
(740, 3183, 1.68, 1.8, 1.5),
(741, 3184, 1.68, 1.8, 1.5),
(742, 3185, 1.68, 1.8, 1.5),
(743, 3186, 1.68, 1.8, 1.5),
(744, 3187, 1.68, 1.8, 1.5),
(745, 3188, 1.68, 1.8, 1.5),
(746, 3189, 1.68, 1.8, 1.5);

-- --------------------------------------------------------

--
-- Table structure for table `student_load_t`
--

CREATE TABLE IF NOT EXISTS `student_load_t` (
  `load_id` int(11) NOT NULL AUTO_INCREMENT,
  `reg_no` int(11) DEFAULT NULL,
  `class_id` int(11) DEFAULT NULL,
  PRIMARY KEY (`load_id`),
  KEY `reg_no` (`reg_no`),
  KEY `class_id` (`class_id`)
) ENGINE=InnoDB  DEFAULT CHARSET=latin1 AUTO_INCREMENT=3190 ;

--
-- Dumping data for table `student_load_t`
--

INSERT INTO `student_load_t` (`load_id`, `reg_no`, `class_id`) VALUES
(2444, 217618, 3835),
(2445, 217559, 3835),
(2446, 216961, 3835),
(2447, 222241, 3835),
(2448, 217516, 3835),
(2449, 217648, 3835),
(2450, 215902, 3835),
(2451, 216005, 3835),
(2452, 215928, 3835),
(2453, 217524, 3835),
(2454, 216033, 3835),
(2455, 216055, 3835),
(2456, 216953, 3835),
(2457, 216067, 3835),
(2458, 216932, 3835),
(2459, 215950, 3835),
(2460, 215885, 3835),
(2461, 215987, 3835),
(2462, 222209, 3835),
(2463, 222220, 3835),
(2464, 224148, 3835),
(2465, 217653, 3835),
(2466, 217535, 3835),
(2467, 216046, 3835),
(2468, 217555, 3835),
(2469, 227682, 3835),
(2470, 217545, 3835),
(2471, 216059, 3835),
(2472, 215910, 3835),
(2473, 216967, 3835),
(2474, 216051, 3835),
(2475, 215977, 3835),
(2476, 216022, 3835),
(2477, 217604, 3835),
(2478, 218853, 3835),
(2479, 215965, 3835),
(2480, 216074, 3835),
(2481, 215781, 3835),
(2482, 216039, 3835),
(2483, 215938, 3835),
(2484, 216921, 3835),
(2485, 217413, 3835),
(2486, 216018, 3835),
(2487, 222031, 3835),
(2488, 215991, 3835),
(2489, 215921, 3835),
(2490, 216062, 3835),
(2491, 217618, 3892),
(2492, 217559, 3892),
(2493, 216961, 3892),
(2494, 222241, 3892),
(2495, 217516, 3892),
(2496, 217648, 3892),
(2497, 215902, 3892),
(2498, 216005, 3892),
(2499, 215928, 3892),
(2500, 217524, 3892),
(2501, 216033, 3892),
(2502, 216055, 3892),
(2503, 216953, 3892),
(2504, 216067, 3892),
(2505, 216932, 3892),
(2506, 215950, 3892),
(2507, 215885, 3892),
(2508, 215987, 3892),
(2509, 222209, 3892),
(2510, 222220, 3892),
(2511, 224148, 3892),
(2512, 217653, 3892),
(2513, 217535, 3892),
(2514, 216046, 3892),
(2515, 217555, 3892),
(2516, 227682, 3892),
(2517, 217545, 3892),
(2518, 216059, 3892),
(2519, 215910, 3892),
(2520, 216967, 3892),
(2521, 216051, 3892),
(2522, 215977, 3892),
(2523, 216022, 3892),
(2524, 217604, 3892),
(2525, 218853, 3892),
(2526, 215965, 3892),
(2527, 216074, 3892),
(2528, 215781, 3892),
(2529, 216039, 3892),
(2530, 215938, 3892),
(2531, 216921, 3892),
(2532, 217413, 3892),
(2533, 216018, 3892),
(2534, 222031, 3892),
(2535, 215991, 3892),
(2536, 215921, 3892),
(2537, 216062, 3892),
(2538, 222538, 3865),
(2539, 226754, 3865),
(2540, 222395, 3865),
(2541, 223674, 3865),
(2542, 222515, 3865),
(2543, 224207, 3865),
(2544, 223952, 3865),
(2545, 223975, 3865),
(2546, 222402, 3865),
(2547, 224211, 3865),
(2548, 222409, 3865),
(2549, 224218, 3865),
(2550, 222722, 3865),
(2551, 224195, 3865),
(2552, 222486, 3865),
(2553, 223679, 3865),
(2554, 224198, 3865),
(2555, 224204, 3865),
(2556, 222445, 3865),
(2557, 223672, 3865),
(2558, 222600, 3865),
(2559, 223834, 3865),
(2560, 222527, 3865),
(2561, 222653, 3865),
(2562, 222433, 3865),
(2563, 223814, 3865),
(2564, 222431, 3865),
(2565, 222580, 3865),
(2566, 224215, 3865),
(2567, 222538, 3879),
(2568, 226754, 3879),
(2569, 222395, 3879),
(2570, 223674, 3879),
(2571, 222515, 3879),
(2572, 224207, 3879),
(2573, 223952, 3879),
(2574, 223975, 3879),
(2575, 222402, 3879),
(2576, 224211, 3879),
(2577, 222409, 3879),
(2578, 224218, 3879),
(2579, 222722, 3879),
(2580, 224195, 3879),
(2581, 222486, 3879),
(2582, 223679, 3879),
(2583, 224198, 3879),
(2584, 224204, 3879),
(2585, 222445, 3879),
(2586, 223672, 3879),
(2587, 222600, 3879),
(2588, 223834, 3879),
(2589, 222527, 3879),
(2590, 222653, 3879),
(2591, 222433, 3879),
(2592, 223814, 3879),
(2593, 222431, 3879),
(2594, 222580, 3879),
(2595, 224215, 3879),
(2596, 222538, 3889),
(2597, 226754, 3889),
(2598, 222395, 3889),
(2599, 223674, 3889),
(2600, 222515, 3889),
(2601, 224207, 3889),
(2602, 223952, 3889),
(2603, 223975, 3889),
(2604, 222402, 3889),
(2605, 224211, 3889),
(2606, 222409, 3889),
(2607, 224218, 3889),
(2608, 222722, 3889),
(2609, 224195, 3889),
(2610, 222486, 3889),
(2611, 223679, 3889),
(2612, 224198, 3889),
(2613, 224204, 3889),
(2614, 222445, 3889),
(2615, 223672, 3889),
(2616, 222600, 3889),
(2617, 223834, 3889),
(2618, 222527, 3889),
(2619, 222653, 3889),
(2620, 222433, 3889),
(2621, 223814, 3889),
(2622, 222431, 3889),
(2623, 222580, 3889),
(2624, 224215, 3889),
(2625, 226756, 3882),
(2626, 221031, 3882),
(2627, 226857, 3882),
(2628, 220991, 3882),
(2629, 226561, 3882),
(2630, 226598, 3882),
(2631, 226603, 3882),
(2632, 221050, 3882),
(2633, 227418, 3882),
(2634, 226808, 3882),
(2635, 221009, 3882),
(2636, 225314, 3882),
(2637, 221041, 3882),
(2638, 223831, 3882),
(2639, 226761, 3882),
(2640, 226108, 3882),
(2641, 227536, 3882),
(2642, 226593, 3882),
(2643, 223991, 3882),
(2644, 226600, 3882),
(2645, 226579, 3882),
(2646, 226582, 3882),
(2647, 226583, 3882),
(2648, 221011, 3882),
(2649, 225153, 3882),
(2650, 226596, 3882),
(2651, 226806, 3882),
(2652, 221004, 3882),
(2653, 226734, 3882),
(2654, 226574, 3882),
(2655, 226719, 3882),
(2656, 226841, 3882),
(2657, 226590, 3882),
(2658, 226864, 3882),
(2659, 226595, 3882),
(2660, 226756, 3886),
(2661, 221031, 3886),
(2662, 226857, 3886),
(2663, 220991, 3886),
(2664, 226561, 3886),
(2665, 226598, 3886),
(2666, 226603, 3886),
(2667, 221050, 3886),
(2668, 227418, 3886),
(2669, 226808, 3886),
(2670, 221009, 3886),
(2671, 225314, 3886),
(2672, 221041, 3886),
(2673, 223831, 3886),
(2674, 226761, 3886),
(2675, 226108, 3886),
(2676, 227536, 3886),
(2677, 226593, 3886),
(2678, 223991, 3886),
(2679, 226600, 3886),
(2680, 226579, 3886),
(2681, 226582, 3886),
(2682, 226583, 3886),
(2683, 221011, 3886),
(2684, 225153, 3886),
(2685, 226596, 3886),
(2686, 226806, 3886),
(2687, 221004, 3886),
(2688, 226734, 3886),
(2689, 226574, 3886),
(2690, 226719, 3886),
(2691, 226841, 3886),
(2692, 226590, 3886),
(2693, 226864, 3886),
(2694, 226595, 3886),
(2695, 226756, 3852),
(2696, 221031, 3852),
(2697, 226857, 3852),
(2698, 220991, 3852),
(2699, 226561, 3852),
(2700, 226598, 3852),
(2701, 226603, 3852),
(2702, 221050, 3852),
(2703, 227418, 3852),
(2704, 226808, 3852),
(2705, 221009, 3852),
(2706, 225314, 3852),
(2707, 221041, 3852),
(2708, 223831, 3852),
(2709, 226761, 3852),
(2710, 226108, 3852),
(2711, 227536, 3852),
(2712, 226593, 3852),
(2713, 223991, 3852),
(2714, 226600, 3852),
(2715, 226579, 3852),
(2716, 226582, 3852),
(2717, 226583, 3852),
(2718, 221011, 3852),
(2719, 225153, 3852),
(2720, 226596, 3852),
(2721, 226806, 3852),
(2722, 221004, 3852),
(2723, 226734, 3852),
(2724, 226574, 3852),
(2725, 226719, 3852),
(2726, 226841, 3852),
(2727, 226590, 3852),
(2728, 226864, 3852),
(2729, 226595, 3852),
(2730, 226756, 3859),
(2731, 221031, 3859),
(2732, 226857, 3859),
(2733, 220991, 3859),
(2734, 226561, 3859),
(2735, 226598, 3859),
(2736, 226603, 3859),
(2737, 221050, 3859),
(2738, 227418, 3859),
(2739, 226808, 3859),
(2740, 221009, 3859),
(2741, 225314, 3859),
(2742, 221041, 3859),
(2743, 223831, 3859),
(2744, 226761, 3859),
(2745, 226108, 3859),
(2746, 227536, 3859),
(2747, 226593, 3859),
(2748, 223991, 3859),
(2749, 226600, 3859),
(2750, 226579, 3859),
(2751, 226582, 3859),
(2752, 226583, 3859),
(2753, 221011, 3859),
(2754, 225153, 3859),
(2755, 226596, 3859),
(2756, 226806, 3859),
(2757, 221004, 3859),
(2758, 226734, 3859),
(2759, 226574, 3859),
(2760, 226719, 3859),
(2761, 226841, 3859),
(2762, 226590, 3859),
(2763, 226864, 3859),
(2764, 226595, 3859),
(2765, 221173, 3862),
(2766, 221195, 3862),
(2767, 220804, 3862),
(2768, 221172, 3862),
(2769, 221380, 3862),
(2770, 221183, 3862),
(2771, 221194, 3862),
(2772, 222088, 3862),
(2773, 221186, 3862),
(2774, 222099, 3862),
(2775, 221294, 3862),
(2776, 221283, 3862),
(2777, 221213, 3862),
(2778, 221208, 3862),
(2779, 220814, 3862),
(2780, 221178, 3862),
(2781, 221271, 3862),
(2782, 223000, 3862),
(2783, 223875, 3862),
(2784, 221203, 3862),
(2785, 224024, 3862),
(2786, 220873, 3862),
(2787, 221214, 3862),
(2788, 221936, 3862),
(2789, 221189, 3862),
(2790, 220799, 3862),
(2791, 221261, 3862),
(2792, 217707, 3875),
(2793, 219530, 3875),
(2794, 215491, 3875),
(2795, 224210, 3875),
(2796, 217750, 3875),
(2797, 217745, 3875),
(2798, 216049, 3875),
(2799, 215368, 3875),
(2800, 224227, 3875),
(2801, 216058, 3875),
(2802, 216997, 3875),
(2803, 225890, 3875),
(2804, 216140, 3875),
(2805, 216701, 3875),
(2806, 215441, 3875),
(2807, 217711, 3875),
(2808, 225847, 3875),
(2809, 215392, 3875),
(2810, 215434, 3875),
(2811, 215330, 3875),
(2812, 217701, 3875),
(2813, 217714, 3875),
(2814, 221403, 3875),
(2815, 222698, 3875),
(2816, 215356, 3875),
(2817, 215904, 3875),
(2818, 217508, 3875),
(2819, 217738, 3875),
(2820, 217730, 3875),
(2821, 216752, 3875),
(2822, 217717, 3875),
(2823, 216121, 3875),
(2824, 216688, 3875),
(2825, 215451, 3875),
(2826, 218453, 3875),
(2827, 215466, 3875),
(2828, 224212, 3875),
(2829, 215256, 3875),
(2830, 225054, 3875),
(2831, 216158, 3875),
(2832, 216040, 3875),
(2833, 217744, 3875),
(2834, 216168, 3875),
(2835, 225973, 3875),
(2836, 217706, 3875),
(2837, 225309, 3875),
(2838, 222155, 3869),
(2839, 218960, 3869),
(2840, 227505, 3869),
(2841, 222243, 3869),
(2842, 221430, 3869),
(2843, 224032, 3869),
(2844, 224716, 3869),
(2845, 221377, 3869),
(2846, 218062, 3869),
(2847, 223893, 3869),
(2848, 219011, 3869),
(2849, 218830, 3869),
(2850, 222317, 3869),
(2851, 219028, 3869),
(2852, 224676, 3869),
(2853, 218054, 3869),
(2854, 224014, 3869),
(2855, 222253, 3869),
(2856, 224305, 3869),
(2857, 218227, 3869),
(2858, 218826, 3869),
(2859, 220920, 3869),
(2860, 220955, 3869),
(2861, 220923, 3869),
(2862, 222306, 3869),
(2863, 226656, 3869),
(2864, 222263, 3869),
(2865, 222295, 3869),
(2866, 227640, 3869),
(2867, 220939, 3869),
(2868, 229134, 3869),
(2869, 226058, 3869),
(2870, 222273, 3869),
(2871, 218834, 3869),
(2872, 218965, 3869),
(2873, 223992, 3869),
(2874, 222155, 3877),
(2875, 218960, 3877),
(2876, 227505, 3877),
(2877, 222243, 3877),
(2878, 221430, 3877),
(2879, 224032, 3877),
(2880, 224716, 3877),
(2881, 221377, 3877),
(2882, 218062, 3877),
(2883, 223893, 3877),
(2884, 219011, 3877),
(2885, 218830, 3877),
(2886, 222317, 3877),
(2887, 219028, 3877),
(2888, 224676, 3877),
(2889, 218054, 3877),
(2890, 224014, 3877),
(2891, 222253, 3877),
(2892, 224305, 3877),
(2893, 218227, 3877),
(2894, 218826, 3877),
(2895, 220920, 3877),
(2896, 220955, 3877),
(2897, 220923, 3877),
(2898, 222306, 3877),
(2899, 226656, 3877),
(2900, 222263, 3877),
(2901, 222295, 3877),
(2902, 227640, 3877),
(2903, 220939, 3877),
(2904, 229134, 3877),
(2905, 226058, 3877),
(2906, 222273, 3877),
(2907, 218834, 3877),
(2908, 218965, 3877),
(2909, 223992, 3877),
(2910, 222155, 3891),
(2911, 218960, 3891),
(2912, 227505, 3891),
(2913, 222243, 3891),
(2914, 221430, 3891),
(2915, 224032, 3891),
(2916, 224716, 3891),
(2917, 221377, 3891),
(2918, 218062, 3891),
(2919, 223893, 3891),
(2920, 219011, 3891),
(2921, 218830, 3891),
(2922, 222317, 3891),
(2923, 219028, 3891),
(2924, 224676, 3891),
(2925, 218054, 3891),
(2926, 224014, 3891),
(2927, 222253, 3891),
(2928, 224305, 3891),
(2929, 218227, 3891),
(2930, 218826, 3891),
(2931, 220920, 3891),
(2932, 220955, 3891),
(2933, 220923, 3891),
(2934, 222306, 3891),
(2935, 226656, 3891),
(2936, 222263, 3891),
(2937, 222295, 3891),
(2938, 227640, 3891),
(2939, 220939, 3891),
(2940, 229134, 3891),
(2941, 226058, 3891),
(2942, 222273, 3891),
(2943, 218834, 3891),
(2944, 218965, 3891),
(2945, 223992, 3891),
(2946, 219318, 3841),
(2947, 217543, 3841),
(2948, 217548, 3841),
(2949, 221496, 3841),
(2950, 226973, 3841),
(2951, 217556, 3841),
(2952, 217560, 3841),
(2953, 220971, 3841),
(2954, 218074, 3841),
(2955, 220962, 3841),
(2956, 217572, 3841),
(2957, 217563, 3841),
(2958, 218082, 3841),
(2959, 217569, 3841),
(2960, 217576, 3841),
(2961, 226979, 3841),
(2962, 217578, 3841),
(2963, 217540, 3841),
(2964, 217596, 3841),
(2965, 217581, 3841),
(2966, 222338, 3841),
(2967, 217598, 3841),
(2968, 217584, 3841),
(2969, 217587, 3841),
(2970, 217590, 3841),
(2971, 217593, 3841),
(2972, 219318, 3846),
(2973, 217543, 3846),
(2974, 217548, 3846),
(2975, 221496, 3846),
(2976, 226973, 3846),
(2977, 217556, 3846),
(2978, 217560, 3846),
(2979, 220971, 3846),
(2980, 218074, 3846),
(2981, 220962, 3846),
(2982, 217572, 3846),
(2983, 217563, 3846),
(2984, 218082, 3846),
(2985, 217569, 3846),
(2986, 217576, 3846),
(2987, 226979, 3846),
(2988, 217578, 3846),
(2989, 217540, 3846),
(2990, 217596, 3846),
(2991, 217581, 3846),
(2992, 222338, 3846),
(2993, 217598, 3846),
(2994, 217584, 3846),
(2995, 217587, 3846),
(2996, 217590, 3846),
(2997, 217593, 3846),
(2998, 219318, 3850),
(2999, 217543, 3850),
(3000, 217548, 3850),
(3001, 221496, 3850),
(3002, 226973, 3850),
(3003, 217556, 3850),
(3004, 217560, 3850),
(3005, 220971, 3850),
(3006, 218074, 3850),
(3007, 220962, 3850),
(3008, 217572, 3850),
(3009, 217563, 3850),
(3010, 218082, 3850),
(3011, 217569, 3850),
(3012, 217576, 3850),
(3013, 226979, 3850),
(3014, 217578, 3850),
(3015, 217540, 3850),
(3016, 217596, 3850),
(3017, 217581, 3850),
(3018, 222338, 3850),
(3019, 217598, 3850),
(3020, 217584, 3850),
(3021, 217587, 3850),
(3022, 217590, 3850),
(3023, 217593, 3850),
(3024, 219318, 3857),
(3025, 217543, 3857),
(3026, 217548, 3857),
(3027, 221496, 3857),
(3028, 226973, 3857),
(3029, 217556, 3857),
(3030, 217560, 3857),
(3031, 220971, 3857),
(3032, 218074, 3857),
(3033, 220962, 3857),
(3034, 217572, 3857),
(3035, 217563, 3857),
(3036, 218082, 3857),
(3037, 217569, 3857),
(3038, 217576, 3857),
(3039, 226979, 3857),
(3040, 217578, 3857),
(3041, 217540, 3857),
(3042, 217596, 3857),
(3043, 217581, 3857),
(3044, 222338, 3857),
(3045, 217598, 3857),
(3046, 217584, 3857),
(3047, 217587, 3857),
(3048, 217590, 3857),
(3049, 217593, 3857),
(3050, 216746, 3848),
(3051, 216804, 3848),
(3052, 216777, 3848),
(3053, 229130, 3848),
(3054, 216767, 3848),
(3055, 227592, 3848),
(3056, 216727, 3848),
(3057, 216811, 3848),
(3058, 216829, 3848),
(3059, 216770, 3848),
(3060, 216754, 3848),
(3061, 216799, 3848),
(3062, 229129, 3848),
(3063, 223714, 3848),
(3064, 216819, 3848),
(3065, 227601, 3848),
(3066, 216738, 3848),
(3067, 218112, 3848),
(3068, 223735, 3848),
(3069, 216762, 3848),
(3070, 216782, 3848),
(3071, 226677, 3848),
(3072, 216790, 3848),
(3073, 226915, 3848),
(3074, 225233, 3848),
(3075, 216817, 3848),
(3076, 216835, 3848),
(3077, 216787, 3848),
(3078, 216746, 3855),
(3079, 216804, 3855),
(3080, 216777, 3855),
(3081, 229130, 3855),
(3082, 216767, 3855),
(3083, 227592, 3855),
(3084, 216727, 3855),
(3085, 216811, 3855),
(3086, 216829, 3855),
(3087, 216770, 3855),
(3088, 216754, 3855),
(3089, 216799, 3855),
(3090, 229129, 3855),
(3091, 223714, 3855),
(3092, 216819, 3855),
(3093, 227601, 3855),
(3094, 216738, 3855),
(3095, 218112, 3855),
(3096, 223735, 3855),
(3097, 216762, 3855),
(3098, 216782, 3855),
(3099, 226677, 3855),
(3100, 216790, 3855),
(3101, 226915, 3855),
(3102, 225233, 3855),
(3103, 216817, 3855),
(3104, 216835, 3855),
(3105, 216787, 3855),
(3106, 216746, 3863),
(3107, 216804, 3863),
(3108, 216777, 3863),
(3109, 229130, 3863),
(3110, 216767, 3863),
(3111, 227592, 3863),
(3112, 216727, 3863),
(3113, 216811, 3863),
(3114, 216829, 3863),
(3115, 216770, 3863),
(3116, 216754, 3863),
(3117, 216799, 3863),
(3118, 229129, 3863),
(3119, 223714, 3863),
(3120, 216819, 3863),
(3121, 227601, 3863),
(3122, 216738, 3863),
(3123, 218112, 3863),
(3124, 223735, 3863),
(3125, 216762, 3863),
(3126, 216782, 3863),
(3127, 226677, 3863),
(3128, 216790, 3863),
(3129, 226915, 3863),
(3130, 225233, 3863),
(3131, 216817, 3863),
(3132, 216835, 3863),
(3133, 216787, 3863),
(3134, 216746, 3895),
(3135, 216804, 3895),
(3136, 216777, 3895),
(3137, 229130, 3895),
(3138, 216767, 3895),
(3139, 227592, 3895),
(3140, 216727, 3895),
(3141, 216811, 3895),
(3142, 216829, 3895),
(3143, 216770, 3895),
(3144, 216754, 3895),
(3145, 216799, 3895),
(3146, 229129, 3895),
(3147, 223714, 3895),
(3148, 216819, 3895),
(3149, 227601, 3895),
(3150, 216738, 3895),
(3151, 218112, 3895),
(3152, 223735, 3895),
(3153, 216762, 3895),
(3154, 216782, 3895),
(3155, 226677, 3895),
(3156, 216790, 3895),
(3157, 226915, 3895),
(3158, 225233, 3895),
(3159, 216817, 3895),
(3160, 216835, 3895),
(3161, 216787, 3895),
(3162, 216746, 3901),
(3163, 216804, 3901),
(3164, 216777, 3901),
(3165, 229130, 3901),
(3166, 216767, 3901),
(3167, 227592, 3901),
(3168, 216727, 3901),
(3169, 216811, 3901),
(3170, 216829, 3901),
(3171, 216770, 3901),
(3172, 216754, 3901),
(3173, 216799, 3901),
(3174, 229129, 3901),
(3175, 223714, 3901),
(3176, 216819, 3901),
(3177, 227601, 3901),
(3178, 216738, 3901),
(3179, 218112, 3901),
(3180, 223735, 3901),
(3181, 216762, 3901),
(3182, 216782, 3901),
(3183, 226677, 3901),
(3184, 216790, 3901),
(3185, 226915, 3901),
(3186, 225233, 3901),
(3187, 216817, 3901),
(3188, 216835, 3901),
(3189, 216787, 3901);

-- --------------------------------------------------------

--
-- Table structure for table `student_members_t`
--

CREATE TABLE IF NOT EXISTS `student_members_t` (
  `sm_id` int(15) NOT NULL AUTO_INCREMENT,
  `member_id` int(15) NOT NULL DEFAULT '0',
  `account_no` int(6) DEFAULT NULL,
  `student_id` varchar(32) DEFAULT NULL,
  PRIMARY KEY (`sm_id`),
  KEY `student_id` (`student_id`),
  KEY `member_id` (`member_id`),
  KEY `account_no` (`account_no`)
) ENGINE=InnoDB  DEFAULT CHARSET=latin1 AUTO_INCREMENT=2 ;

--
-- Dumping data for table `student_members_t`
--

INSERT INTO `student_members_t` (`sm_id`, `member_id`, `account_no`, `student_id`) VALUES
(1, 115, 11, '2013-00966');

-- --------------------------------------------------------

--
-- Table structure for table `student_registration_t`
--

CREATE TABLE IF NOT EXISTS `student_registration_t` (
  `reg_no` int(9) NOT NULL,
  `student_id` varchar(15) NOT NULL,
  `reg_date` date NOT NULL,
  `sem_id` int(2) NOT NULL,
  `course_code` varchar(10) DEFAULT NULL,
  `year_level` int(2) NOT NULL,
  PRIMARY KEY (`reg_no`),
  KEY `student_id` (`student_id`),
  KEY `sem_id` (`sem_id`),
  KEY `course_code` (`course_code`)
) ENGINE=InnoDB DEFAULT CHARSET=latin1;

--
-- Dumping data for table `student_registration_t`
--

INSERT INTO `student_registration_t` (`reg_no`, `student_id`, `reg_date`, `sem_id`, `course_code`, `year_level`) VALUES
(213859, '2014-022794', '2014-10-28', 12, 'BSBIO', 1),
(213878, '2014-022618', '2014-10-28', 12, 'BSBIO', 1),
(213884, '2014-013775', '2014-10-28', 12, 'BSBIO', 1),
(213894, '2014-020921', '2014-10-28', 12, 'BSBIO', 1),
(213910, '2014-022851', '2014-10-28', 12, 'BSBIO', 1),
(213943, '2013-10339', '2014-10-28', 12, 'BSBIO', 2),
(213950, '2013-08927', '2014-10-28', 12, 'BSBIO', 2),
(213954, '2013-09984', '2014-10-28', 12, 'BSBIO', 2),
(213957, '2013-05323', '2014-10-28', 12, 'BSBIO', 2),
(213959, '2013-09295', '2014-10-28', 12, 'BSBIO', 2),
(213964, '2013-09969', '2014-10-28', 12, 'BSBIO', 2),
(213968, '2013-06412', '2014-10-28', 12, 'BSBIO', 2),
(213973, '2013-04126', '2014-10-28', 12, 'BSBIO', 2),
(213976, '2013-06397', '2014-10-28', 12, 'BSBIO', 2),
(213981, '2013-00229', '2014-10-28', 12, 'BSBIO', 2),
(213989, '2013-09475', '2014-10-28', 12, 'BSBIO', 2),
(214058, '2012-07674', '2014-10-28', 12, 'BSCHEM', 2),
(214067, '2014-024292', '2014-10-28', 12, 'BSCHEM', 1),
(214085, '2014-016538', '2014-10-28', 12, 'BSCHEM', 1),
(214132, '2014-019241', '2014-10-28', 12, 'BSBIO', 1),
(214139, '2014-019461', '2014-10-28', 12, 'BSBIO', 1),
(214143, '2014-017595', '2014-10-28', 12, 'BSBIO', 1),
(214146, '2014-019559', '2014-10-28', 12, 'BSBIO', 1),
(214176, '2014-022561', '2014-10-28', 12, 'BSBIO', 1),
(214210, '2013-09412', '2014-10-28', 12, 'BSBIO', 2),
(214213, '2013-01828', '2014-10-28', 12, 'BSBIO', 2),
(214219, '2013-10513', '2014-10-28', 12, 'BSBIO', 2),
(214224, '2013-01072', '2014-10-28', 12, 'BSBIO', 2),
(214232, '2013-12151', '2014-10-28', 12, 'BSBIO', 2),
(214957, '2014-013314', '2014-10-29', 12, 'BSCHEM', 1),
(214965, '2014-018870', '2014-10-29', 12, 'BSCHEM', 1),
(214981, '2014-018016', '2014-10-29', 12, 'BSCHEM', 1),
(215001, '2014-017771', '2014-10-29', 12, 'BSCHEM', 1),
(215010, '2014-018472', '2014-10-29', 12, 'BSCHEM', 1),
(215018, '2014-016572', '2014-10-29', 12, 'BSCHEM', 1),
(215041, '2013-04565', '2014-10-29', 12, 'BSCHEM', 1),
(215091, '2013-03387', '2014-10-29', 12, 'BSCHEM', 1),
(215098, '2014-020444', '2014-10-29', 12, 'BSCHEM', 1),
(215120, '2013-00886', '2014-10-29', 12, 'BSBIO', 2),
(215128, '2014-018681', '2014-10-29', 12, 'BSCHEM', 1),
(215137, '2013-11242', '2014-10-29', 12, 'BSBIO', 2),
(215141, '2014-019998', '2014-10-29', 12, 'BSCHEM', 1),
(215142, '2013-06054', '2014-10-29', 12, 'BSBIO', 2),
(215147, '2013-01429', '2014-10-29', 12, 'BSBIO', 2),
(215151, '2014-019774', '2014-10-29', 12, 'BSCHEM', 1),
(215161, '2014-012880', '2014-10-29', 12, 'BSCHEM', 1),
(215165, '2013-09657', '2014-10-29', 12, 'BSBIO', 2),
(215166, '2014-017511', '2014-10-29', 12, 'BSCHEM', 1),
(215173, '2014-020342', '2014-10-29', 12, 'BSCHEM', 1),
(215186, '2014-018181', '2014-10-29', 12, 'BSCHEM', 1),
(215189, '2013-01784', '2014-10-29', 12, 'BSBIO', 2),
(215194, '2014-018021', '2014-10-29', 12, 'BSCHEM', 1),
(215198, '2013-01711', '2014-10-29', 12, 'BSBIO', 2),
(215204, '2014-014909', '2014-10-29', 12, 'BSCHEM', 1),
(215219, '2014-014780', '2014-10-29', 12, 'BSCHEM', 1),
(215228, '2014-014217', '2014-10-29', 12, 'BSCHEM', 1),
(215238, '2014-014445', '2014-10-29', 12, 'BSCHEM', 1),
(215244, '2013-01334', '2014-10-29', 12, 'BSBIO', 2),
(215256, '2014-019717', '2014-10-29', 12, 'BSCS', 1),
(215259, '2014-016948', '2014-10-29', 12, 'BSCHEM', 1),
(215283, '2014-022490', '2014-10-29', 12, 'BSCHEM', 1),
(215310, '2014-012402', '2014-10-29', 12, 'BSCHEM', 1),
(215320, '2014-021133', '2014-10-29', 12, 'BSCHEM', 1),
(215327, '2011-52195', '2014-10-29', 12, 'BSBIO', 4),
(215330, '2014-017257', '2014-10-29', 12, 'BSCS', 1),
(215333, '2011-48577', '2014-10-29', 12, 'BSBIO', 4),
(215337, '2014-021513', '2014-10-29', 12, 'BSCHEM', 1),
(215346, '2014-024086', '2014-10-29', 12, 'BSCHEM', 1),
(215351, '2014-021962', '2014-10-29', 12, 'BSCHEM', 1),
(215354, '2011-42869', '2014-10-29', 12, 'BSBIO', 4),
(215356, '2014-019150', '2014-10-29', 12, 'BSCS', 1),
(215364, '2014-016231', '2014-10-29', 12, 'BSCHEM', 1),
(215366, '2011-49595', '2014-10-29', 12, 'BSBIO', 4),
(215368, '2014-014895', '2014-10-29', 12, 'BSCS', 1),
(215384, '2014-017625', '2014-10-29', 12, 'BSCHEM', 1),
(215392, '2014-016800', '2014-10-29', 12, 'BSCS', 1),
(215394, '2014-016302', '2014-10-29', 12, 'BSCHEM', 1),
(215404, '2014-017520', '2014-10-29', 12, 'BSCHEM', 1),
(215434, '2014-017050', '2014-10-29', 12, 'BSCS', 1),
(215441, '2014-016408', '2014-10-29', 12, 'BSCS', 1),
(215451, '2014-021093', '2014-10-29', 12, 'BSCS', 1),
(215466, '2014-022687', '2014-10-29', 12, 'BSCS', 1),
(215491, '2014-013832', '2014-10-29', 12, 'BSCS', 1),
(215547, '2011-48498', '2014-10-29', 12, 'BSBIO', 4),
(215554, '2011-41688', '2014-10-29', 12, 'BSBIO', 4),
(215575, '2011-47834', '2014-10-29', 12, 'BSBIO', 4),
(215583, '2011-51461', '2014-10-29', 12, 'BSBIO', 4),
(215589, '2011-51858', '2014-10-29', 12, 'BSBIO', 4),
(215602, '2011-45261', '2014-10-29', 12, 'BSBIO', 4),
(215640, '2011-44838', '2014-10-29', 12, 'BSBIO', 4),
(215653, '2011-45198', '2014-10-29', 12, 'BSBIO', 4),
(215654, '2011-41060', '2014-10-29', 12, 'BSBIO', 4),
(215674, '2014-016818', '2014-10-29', 12, 'BSBIO', 1),
(215709, '2012-03432', '2014-10-29', 12, 'BSBIO', 3),
(215722, '2012-08160', '2014-10-29', 12, 'BSBIO', 3),
(215730, '2012-08972', '2014-10-29', 12, 'BSBIO', 3),
(215735, '2012-05707', '2014-10-29', 12, 'BSBIO', 3),
(215748, '2011-51681', '2014-10-29', 12, 'BSBIO', 4),
(215758, '2011-43142', '2014-10-29', 12, 'BSBIO', 4),
(215771, '2012-01169', '2014-10-29', 12, 'BSBIO', 3),
(215781, '2014-022770', '2014-10-29', 12, 'BSIT', 1),
(215796, '2012-06645', '2014-10-29', 12, 'BSBIO', 3),
(215818, '2012-05518', '2014-10-29', 12, 'BSBIO', 3),
(215820, '2012-01267', '2014-10-29', 12, 'BSBIO', 3),
(215835, '2011-50396', '2014-10-29', 12, 'BSBIO', 4),
(215843, '2012-11319', '2014-10-29', 12, 'BSBIO', 3),
(215862, '2014-019523', '2014-10-29', 12, 'BSCHEM', 1),
(215879, '2012-05010', '2014-10-29', 12, 'BSBIO', 3),
(215885, '2014-017476', '2014-10-29', 12, 'BSIT', 1),
(215902, '2014-014592', '2014-10-29', 12, 'BSIT', 1),
(215904, '2014-019390', '2014-10-29', 12, 'BSCS', 1),
(215907, '2012-03746', '2014-10-29', 12, 'BSBIO', 3),
(215910, '2014-021440', '2014-10-29', 12, 'BSIT', 1),
(215917, '2012-08215', '2014-10-29', 12, 'BSBIO', 3),
(215921, '2014-024927', '2014-10-29', 12, 'BSIT', 1),
(215925, '2012-01193', '2014-10-29', 12, 'BSBIO', 3),
(215928, '2014-014972', '2014-10-29', 12, 'BSIT', 1),
(215933, '2012-01196', '2014-10-29', 12, 'BSBIO', 3),
(215938, '2014-022914', '2014-10-29', 12, 'BSIT', 1),
(215943, '2012-01190', '2014-10-29', 12, 'BSBIO', 3),
(215950, '2014-017398', '2014-10-29', 12, 'BSIT', 1),
(215952, '2012-02699', '2014-10-29', 12, 'BSBIO', 3),
(215960, '2012-03931', '2014-10-29', 12, 'BSBIO', 3),
(215964, '2012-03889', '2014-10-29', 12, 'BSBIO', 3),
(215965, '2014-022647', '2014-10-29', 12, 'BSIT', 1),
(215970, '2012-06176', '2014-10-29', 12, 'BSBIO', 3),
(215973, '2012-02696', '2014-10-29', 12, 'BSBIO', 3),
(215976, '2012-03887', '2014-10-29', 12, 'BSBIO', 3),
(215977, '2014-021715', '2014-10-29', 12, 'BSIT', 1),
(215985, '2012-06138', '2014-10-29', 12, 'BSBIO', 3),
(215986, '2012-01166', '2014-10-29', 12, 'BSBIO', 3),
(215987, '2014-017630', '2014-10-29', 12, 'BSIT', 1),
(215989, '2012-03440', '2014-10-29', 12, 'BSBIO', 3),
(215991, '2014-024734', '2014-10-29', 12, 'BSIT', 1),
(215995, '2012-03795', '2014-10-29', 12, 'BSBIO', 3),
(216005, '2014-014724', '2014-10-29', 12, 'BSIT', 1),
(216018, '2014-024374', '2014-10-29', 12, 'BSIT', 1),
(216022, '2014-021766', '2014-10-29', 12, 'BSIT', 1),
(216029, '2012-04477', '2014-10-29', 12, 'BSBIO', 3),
(216033, '2014-015308', '2014-10-29', 12, 'BSIT', 1),
(216039, '2014-022786', '2014-10-29', 12, 'BSIT', 1),
(216040, '2014-023973', '2014-10-29', 12, 'BSCS', 1),
(216045, '2012-08423', '2014-10-29', 12, 'BSBIO', 3),
(216046, '2014-019922', '2014-10-29', 12, 'BSIT', 1),
(216047, '2012-00365', '2014-10-29', 12, 'BSBIO', 3),
(216049, '2014-014767', '2014-10-29', 12, 'BSCS', 1),
(216051, '2014-021553', '2014-10-29', 12, 'BSIT', 1),
(216053, '2012-10212', '2014-10-29', 12, 'BSBIO', 3),
(216055, '2014-015916', '2014-10-29', 12, 'BSIT', 1),
(216056, '2012-09125', '2014-10-29', 12, 'BSBIO', 3),
(216058, '2014-015272', '2014-10-29', 12, 'BSCS', 1),
(216059, '2014-021324', '2014-10-29', 12, 'BSIT', 1),
(216062, '2014-024962', '2014-10-29', 12, 'BSIT', 1),
(216067, '2014-016616', '2014-10-29', 12, 'BSIT', 1),
(216074, '2014-022730', '2014-10-29', 12, 'BSIT', 1),
(216096, '2012-03465', '2014-10-29', 12, 'BSBIO', 3),
(216108, '2013-08491', '2014-10-29', 12, 'BSBIO', 2),
(216121, '2014-020853', '2014-10-29', 12, 'BSCS', 1),
(216140, '2014-016104', '2014-10-29', 12, 'BSCS', 1),
(216158, '2014-023931', '2014-10-29', 12, 'BSCS', 1),
(216168, '2014-024993', '2014-10-29', 12, 'BSCS', 1),
(216493, '2012-08158', '2014-10-29', 12, 'BSBIO', 3),
(216515, '2014-014524', '2014-10-29', 12, 'BSCHEM', 1),
(216521, '2013-00207', '2014-10-29', 12, 'BSBIO', 2),
(216524, '2011-50099', '2014-10-29', 12, 'BSBIO', 4),
(216527, '2014-012615', '2014-10-29', 12, 'BSCHEM', 1),
(216533, '2013-11490', '2014-10-29', 12, 'BSCHEM', 2),
(216541, '2011-46698', '2014-10-29', 12, 'BSBIO', 4),
(216544, '2013-10669', '2014-10-29', 12, 'BSBIO', 2),
(216554, '2013-01692', '2014-10-29', 12, 'BSBIO', 2),
(216567, '2013-09186', '2014-10-29', 12, 'BSBIO', 2),
(216572, '2013-08591', '2014-10-29', 12, 'BSCHEM', 2),
(216576, '2013-10130', '2014-10-29', 12, 'BSCHEM', 2),
(216582, '2011-46161', '2014-10-29', 12, 'BSBIO', 4),
(216590, '2013-06003', '2014-10-29', 12, 'BSBIO', 2),
(216593, '2013-11396', '2014-10-29', 12, 'BSBIO', 2),
(216599, '2013-00674', '2014-10-29', 12, 'BSBIO', 2),
(216612, '2013-07686', '2014-10-29', 12, 'BSBIO', 2),
(216621, '2013-07457', '2014-10-29', 12, 'BSCHEM', 2),
(216625, '2013-01609', '2014-10-29', 12, 'BSBIO', 2),
(216628, '2013-10345', '2014-10-29', 12, 'BSBIO', 2),
(216637, '2013-02718', '2014-10-29', 12, 'BSCHEM', 2),
(216641, '2013-11647', '2014-10-29', 12, 'BSCHEM', 2),
(216645, '2013-10905', '2014-10-29', 12, 'BSBIO', 2),
(216656, '2013-08620', '2014-10-29', 12, 'BSBIO', 2),
(216657, '2013-03762', '2014-10-29', 12, 'BSCHEM', 2),
(216662, '2013-09309', '2014-10-29', 12, 'BSCHEM', 2),
(216666, '2013-08654', '2014-10-29', 12, 'BSCHEM', 2),
(216688, '2014-020965', '2014-10-29', 12, 'BSCS', 1),
(216701, '2014-016192', '2014-10-29', 12, 'BSCS', 1),
(216704, '2014-015999', '2014-10-29', 12, 'BSBIO', 1),
(216710, '2014-017564', '2014-10-29', 12, 'BSBIO', 1),
(216724, '2013-06234', '2014-10-29', 12, 'BSCHEM', 2),
(216727, '2011-43262', '2014-10-29', 12, 'BSCS', 4),
(216738, '2011-47618', '2014-10-29', 12, 'BSCS', 4),
(216740, '2012-11591', '2014-10-29', 12, 'BSBIO', 3),
(216741, '2013-07040', '2014-10-29', 12, 'BSCHEM', 2),
(216746, '2011-40936', '2014-10-29', 12, 'BSCS', 4),
(216752, '2014-020502', '2014-10-29', 12, 'BSCS', 1),
(216754, '2011-44394', '2014-10-29', 12, 'BSCS', 4),
(216762, '2011-49471', '2014-10-29', 12, 'BSCS', 4),
(216767, '2011-42610', '2014-10-29', 12, 'BSCS', 4),
(216770, '2011-44158', '2014-10-29', 12, 'BSCS', 4),
(216777, '2011-41215', '2014-10-29', 12, 'BSCS', 4),
(216782, '2011-50076', '2014-10-29', 12, 'BSCS', 4),
(216787, '2011-52010', '2014-10-29', 12, 'BSCS', 4),
(216790, '2011-50691', '2014-10-29', 12, 'BSCS', 4),
(216794, '2014-019456', '2014-10-29', 12, 'BSBIO', 1),
(216799, '2011-44747', '2014-10-29', 12, 'BSCS', 4),
(216803, '2014-025180', '2014-10-29', 12, 'BSBIO', 1),
(216804, '2010-40185', '2014-10-29', 12, 'BSCS', 4),
(216811, '2011-43460', '2014-10-29', 12, 'BSCS', 4),
(216813, '2014-016091', '2014-10-29', 12, 'BSBIO', 1),
(216817, '2011-51955', '2014-10-29', 12, 'BSCS', 4),
(216818, '2014-023993', '2014-10-29', 12, 'BSBIO', 1),
(216819, '2011-46264', '2014-10-29', 12, 'BSCS', 4),
(216825, '2013-04465', '2014-10-29', 12, 'BSCHEM', 2),
(216829, '2010-43109', '2014-10-29', 12, 'BSCS', 4),
(216835, '2010-51129', '2014-10-29', 12, 'BSCS', 4),
(216841, '2013-02362', '2014-10-29', 12, 'BSCHEM', 2),
(216845, '2014-014825', '2014-10-29', 12, 'BSBIO', 1),
(216847, '2014-021832', '2014-10-29', 12, 'BSBIO', 1),
(216852, '2013-03352', '2014-10-29', 12, 'BSCHEM', 2),
(216857, '2014-018295', '2014-10-29', 12, 'BSBIO', 1),
(216865, '2014-015280', '2014-10-29', 12, 'BSBIO', 1),
(216866, '2013-02309', '2014-10-29', 12, 'BSCHEM', 2),
(216870, '2014-021993', '2014-10-29', 12, 'BSBIO', 1),
(216871, '2014-020540', '2014-10-29', 12, 'BSBIO', 1),
(216873, '2013-02641', '2014-10-29', 12, 'BSCHEM', 2),
(216880, '2012-08543', '2014-10-29', 12, 'BSBIO', 3),
(216882, '2013-09587', '2014-10-29', 12, 'BSCHEM', 2),
(216883, '2013-02525', '2014-10-29', 12, 'BSBIO', 2),
(216887, '2013-04313', '2014-10-29', 12, 'BSBIO', 2),
(216891, '2014-016665', '2014-10-29', 12, 'BSCHEM', 1),
(216892, '2012-02602', '2014-10-29', 12, 'BSBIO', 3),
(216900, '2012-12661', '2014-10-29', 12, 'BSBIO', 3),
(216901, '2013-06304', '2014-10-29', 12, 'BSCHEM', 2),
(216907, '2014-024867', '2014-10-29', 12, 'BSBIO', 1),
(216921, '2014-023488', '2014-10-29', 12, 'BSIT', 1),
(216924, '2013-07977', '2014-10-29', 12, 'BSCHEM', 2),
(216932, '2014-017105', '2014-10-29', 12, 'BSIT', 1),
(216939, '2011-51267', '2014-10-29', 12, 'BSBIO', 4),
(216940, '2013-09452', '2014-10-29', 12, 'BSCHEM', 2),
(216948, '2011-51232', '2014-10-29', 12, 'BSBIO', 4),
(216953, '2014-016403', '2014-10-29', 12, 'BSIT', 1),
(216961, '2014-012920', '2014-10-29', 12, 'BSIT', 1),
(216967, '2014-021483', '2014-10-29', 12, 'BSIT', 1),
(216997, '2014-015299', '2014-10-29', 12, 'BSCS', 1),
(217033, '2014-017652', '2014-10-29', 12, 'BSBIO', 1),
(217062, '2013-05744', '2014-10-29', 12, 'BSCHEM', 2),
(217073, '2011-47416', '2014-10-29', 12, 'BSBIO', 3),
(217082, '2011-51329', '2014-10-29', 12, 'BSBIO', 4),
(217101, '2013-00956', '2014-10-29', 12, 'BSCHEM', 2),
(217108, '2013-08984', '2014-10-29', 12, 'BSCHEM', 2),
(217114, '2013-05806', '2014-10-29', 12, 'BSCHEM', 2),
(217119, '2013-07892', '2014-10-29', 12, 'BSCHEM', 2),
(217161, '2012-05547', '2014-10-29', 12, 'BSBIO', 3),
(217238, '2014-012541', '2014-10-29', 12, 'BSBIO', 1),
(217345, '2014-013331', '2014-10-30', 12, 'BSBIO', 1),
(217408, '2014-022234', '2014-10-30', 12, 'BSBIO', 1),
(217413, '2014-023903', '2014-10-30', 12, 'BSIT', 1),
(217415, '2014-013001', '2014-10-30', 12, 'BSBIO', 1),
(217422, '2014-024148', '2014-10-30', 12, 'BSBIO', 1),
(217443, '2014-017354', '2014-10-30', 12, 'BSBIO', 1),
(217464, '2014-017947', '2014-10-30', 12, 'BSBIO', 1),
(217477, '2014-020753', '2014-10-30', 12, 'BSBIO', 1),
(217508, '2014-019657', '2014-10-30', 12, 'BSCS', 1),
(217512, '2011-45088', '2014-10-30', 12, 'BSBIO', 3),
(217516, '2014-014040', '2014-10-30', 12, 'BSIT', 1),
(217524, '2014-015243', '2014-10-30', 12, 'BSIT', 1),
(217528, '2012-01657', '2014-10-30', 12, 'BSBIO', 3),
(217535, '2014-019029', '2014-10-30', 12, 'BSIT', 1),
(217540, '2012-12015', '2014-10-30', 12, 'BSCS', 3),
(217543, '2012-00814', '2014-10-30', 12, 'BSCS', 3),
(217545, '2014-020901', '2014-10-30', 12, 'BSIT', 1),
(217548, '2012-02596', '2014-10-30', 12, 'BSCS', 3),
(217555, '2014-020295', '2014-10-30', 12, 'BSIT', 1),
(217556, '2012-08872', '2014-10-30', 12, 'BSCS', 3),
(217559, '2014-012808', '2014-10-30', 12, 'BSIT', 1),
(217560, '2012-02776', '2014-10-30', 12, 'BSCS', 3),
(217563, '2012-00053', '2014-10-30', 12, 'BSCS', 3),
(217569, '2012-00860', '2014-10-30', 12, 'BSCS', 3),
(217572, '2012-12815', '2014-10-30', 12, 'BSCS', 3),
(217576, '2012-03021', '2014-10-30', 12, 'BSCS', 3),
(217578, '2012-08129', '2014-10-30', 12, 'BSCS', 3),
(217581, '2012-05338', '2014-10-30', 12, 'BSCS', 3),
(217584, '2012-02951', '2014-10-30', 12, 'BSCS', 3),
(217587, '2012-02148', '2014-10-30', 12, 'BSCS', 3),
(217590, '2012-09389', '2014-10-30', 12, 'BSCS', 3),
(217593, '2012-02137', '2014-10-30', 12, 'BSCS', 3),
(217596, '2012-13089', '2014-10-30', 12, 'BSCS', 3),
(217598, '2012-05828', '2014-10-30', 12, 'BSCS', 3),
(217604, '2014-022107', '2014-10-30', 12, 'BSIT', 1),
(217618, '2014-012769', '2014-10-30', 12, 'BSIT', 1),
(217648, '2014-014289', '2014-10-30', 12, 'BSIT', 1),
(217653, '2014-018825', '2014-10-30', 12, 'BSIT', 1),
(217701, '2014-017943', '2014-10-30', 12, 'BSCS', 1),
(217706, '2014-025491', '2014-10-30', 12, 'BSCS', 1),
(217707, '2014-012730', '2014-10-30', 12, 'BSCS', 1),
(217711, '2014-016443', '2014-10-30', 12, 'BSCS', 1),
(217714, '2014-018417', '2014-10-30', 12, 'BSCS', 1),
(217717, '2014-020757', '2014-10-30', 12, 'BSCS', 1),
(217726, '2014-020110', '2014-10-30', 12, 'BSCHEM', 1),
(217730, '2014-020283', '2014-10-30', 12, 'BSCS', 1),
(217736, '2013-09038', '2014-10-30', 12, 'BSCHEM', 2),
(217738, '2014-019674', '2014-10-30', 12, 'BSCS', 1),
(217744, '2014-024425', '2014-10-30', 12, 'BSCS', 1),
(217745, '2014-014575', '2014-10-30', 12, 'BSCS', 1),
(217750, '2014-014278', '2014-10-30', 12, 'BSCS', 1),
(217781, '2014-019289', '2014-10-30', 12, 'BSCHEM', 1),
(217941, '2014-024539', '2014-10-30', 12, 'BSBIO', 1),
(218054, '2013-04503', '2014-10-30', 12, 'BSCS', 2),
(218062, '2013-02483', '2014-10-30', 12, 'BSCS', 2),
(218063, '2014-022007', '2014-10-30', 12, 'BSCHEM', 1),
(218074, '2012-08885', '2014-10-30', 12, 'BSCS', 3),
(218076, '2014-021417', '2014-10-30', 12, 'BSCHEM', 1),
(218082, '2012-01180', '2014-10-30', 12, 'BSCS', 3),
(218088, '2014-024066', '2014-10-30', 12, 'BSCHEM', 1),
(218104, '2014-020511', '2014-10-30', 12, 'BSCHEM', 1),
(218112, '2011-48258', '2014-10-30', 12, 'BSCS', 4),
(218136, '2014-024392', '2014-10-30', 12, 'BSCHEM', 1),
(218227, '2013-05765', '2014-10-30', 12, 'BSCS', 2),
(218412, '2012-04541', '2014-10-30', 12, 'BSCHEM', 3),
(218414, '2012-08420', '2014-10-30', 12, 'BSCHEM', 3),
(218417, '2012-05208', '2014-10-30', 12, 'BSCHEM', 3),
(218420, '2012-05831', '2014-10-30', 12, 'BSCHEM', 3),
(218422, '2012-10220', '2014-10-30', 12, 'BSCHEM', 3),
(218425, '2012-06121', '2014-10-30', 12, 'BSCHEM', 3),
(218429, '2012-02930', '2014-10-30', 12, 'BSCHEM', 3),
(218450, '2014-018335', '2014-10-30', 12, 'BSCHEM', 1),
(218452, '2013-06114', '2014-10-30', 12, 'BSCHEM', 2),
(218453, '2006-14689', '2014-10-30', 12, 'BSCHEM', 1),
(218455, '2014-021569', '2014-10-30', 12, 'BSCHEM', 1),
(218458, '2014-023749', '2014-10-30', 12, 'BSCHEM', 1),
(218465, '2011-50220', '2014-10-30', 12, 'BSCHEM', 3),
(218481, '2010-45863', '2014-10-30', 12, 'BSCHEM', 4),
(218489, '2012-13102', '2014-10-30', 12, 'BSCHEM', 3),
(218492, '2012-12233', '2014-10-30', 12, 'BSCHEM', 3),
(218494, '2012-06297', '2014-10-30', 12, 'BSCHEM', 3),
(218498, '2012-09294', '2014-10-30', 12, 'BSCHEM', 3),
(218597, '2012-04509', '2014-10-31', 12, 'BSCHEM', 3),
(218604, '2012-09673', '2014-10-31', 12, 'BSCHEM', 3),
(218614, '2012-04115', '2014-10-31', 12, 'BSCHEM', 3),
(218626, '2012-09043', '2014-10-31', 12, 'BSCHEM', 3),
(218635, '2011-48759', '2014-10-31', 12, 'BSCHEM', 3),
(218660, '2012-03226', '2014-10-31', 12, 'BSCHEM', 3),
(218674, '2014-020672', '2014-10-31', 12, 'BSCHEM', 1),
(218826, '2013-05775', '2014-10-31', 12, 'BSCS', 2),
(218830, '2013-03734', '2014-10-31', 12, 'BSCS', 2),
(218834, '2013-10606', '2014-10-31', 12, 'BSCS', 2),
(218835, '2012-03476', '2014-10-31', 12, 'BSCHEM', 3),
(218845, '2012-10445', '2014-10-31', 12, 'BSCHEM', 3),
(218853, '2014-022363', '2014-10-31', 12, 'BSIT', 1),
(218960, '2013-00408', '2014-10-31', 12, 'BSCS', 2),
(218965, '2013-10679', '2014-10-31', 12, 'BSCS', 2),
(219011, '2013-03106', '2014-10-31', 12, 'BSCS', 2),
(219028, '2013-04115', '2014-10-31', 12, 'BSCS', 2),
(219255, '2011-40924', '2014-10-31', 12, 'BSBIO', 4),
(219287, '2013-06411', '2014-10-31', 12, 'BSCHEM', 2),
(219308, '2011-51864', '2014-10-31', 12, 'BSBIO', 4),
(219312, '2013-00686', '2014-10-31', 12, 'BSCHEM', 2),
(219318, '2012-09702', '2014-10-31', 12, 'BSCS', 3),
(219359, '2012-11657', '2014-10-31', 12, 'BSBIO', 3),
(219530, '2014-013283', '2014-10-31', 12, 'BSCS', 1),
(219575, '2011-42584', '2014-10-31', 12, 'BSCHEM', 4),
(219580, '2010-50757', '2014-10-31', 12, 'BSCHEM', 4),
(219590, '2010-47139', '2014-10-31', 12, 'BSCHEM', 4),
(219601, '2011-48681', '2014-10-31', 12, 'BSCHEM', 4),
(219665, '2011-45245', '2014-10-31', 12, 'BSCHEM', 4),
(219695, '2013-11661', '2014-10-31', 12, 'BSCHEM', 2),
(219701, '2013-02880', '2014-10-31', 12, 'BSCHEM', 2),
(219725, '2011-40978', '2014-10-31', 12, 'BSCHEM', 4),
(219736, '2011-46594', '2014-10-31', 12, 'BSCHEM', 4),
(219738, '2011-47236', '2014-10-31', 12, 'BSCHEM', 3),
(219768, '2011-43384', '2014-10-31', 12, 'BSCHEM', 4),
(219959, '2011-43113', '2014-10-31', 12, 'BSCHEM', 4),
(219973, '2011-43656', '2014-10-31', 12, 'BSCHEM', 4),
(220003, '2011-42262', '2014-10-31', 12, 'BSCHEM', 4),
(220005, '2010-40446', '2014-10-31', 12, 'BSCHEM', 4),
(220008, '2010-47236', '2014-10-31', 12, 'BSCHEM', 4),
(220012, '2011-45861', '2014-10-31', 12, 'BSCHEM', 4),
(220016, '2011-45765', '2014-10-31', 12, 'BSCHEM', 4),
(220021, '2012-06661', '2014-10-31', 12, 'BSCHEM', 3),
(220069, '2011-40899', '2014-10-31', 12, 'BSCHEM', 4),
(220088, '2011-41728', '2014-10-31', 12, 'BSCHEM', 4),
(220174, '2011-43850', '2014-10-31', 12, 'BSCHEM', 4),
(220180, '2011-47102', '2014-10-31', 12, 'BSCHEM', 4),
(220221, '2011-47354', '2014-10-31', 12, 'BSCHEM', 4),
(220231, '2011-44404', '2014-10-31', 12, 'BSCHEM', 4),
(220381, '2012-09549', '2014-11-03', 12, 'BSBIO', 3),
(220780, '2012-03750', '2014-11-03', 12, 'BSBIO', 3),
(220799, '2010-50117', '2014-11-03', 12, 'BSIT', 4),
(220804, '2010-40725', '2014-11-03', 12, 'BSIT', 4),
(220814, '2010-45803', '2014-11-03', 12, 'BSIT', 4),
(220873, '2011-52758', '2014-11-03', 12, 'BSIT', 4),
(220920, '2013-05845', '2014-11-03', 12, 'BSCS', 2),
(220923, '2013-06246', '2014-11-03', 12, 'BSCS', 2),
(220939, '2013-08196', '2014-11-03', 12, 'BSCS', 2),
(220955, '2013-06204', '2014-11-03', 12, 'BSCS', 2),
(220962, '2012-03612', '2014-11-03', 12, 'BSCS', 3),
(220971, '2012-12848', '2014-11-03', 12, 'BSCS', 3),
(220991, '2011-41563', '2014-11-03', 12, 'BSIT', 3),
(221004, '2011-49744', '2014-11-03', 12, 'BSIT', 3),
(221009, '2011-43000', '2014-11-03', 12, 'BSIT', 4),
(221011, '2011-47805', '2014-11-03', 12, 'BSIT', 3),
(221031, '2011-41186', '2014-11-03', 12, 'BSIT', 3),
(221041, '2010-42209', '2014-11-03', 12, 'BSIT', 3),
(221050, '2011-41871', '2014-11-03', 12, 'BSIT', 3),
(221109, '2013-11325', '2014-11-03', 12, 'BSBIO', 2),
(221127, '2013-00334', '2014-11-03', 12, 'BSBIO', 2),
(221172, '2011-41973', '2014-11-03', 12, 'BSIT', 4),
(221173, '2011-40943', '2014-11-03', 12, 'BSIT', 4),
(221178, '2011-47254', '2014-11-03', 12, 'BSIT', 4),
(221183, '2011-42006', '2014-11-03', 12, 'BSIT', 4),
(221186, '2011-43346', '2014-11-03', 12, 'BSIT', 4),
(221189, '2011-50922', '2014-11-03', 12, 'BSIT', 4),
(221194, '2011-42079', '2014-11-03', 12, 'BSIT', 4),
(221195, '2011-41265', '2014-11-03', 12, 'BSIT', 4),
(221203, '2011-49020', '2014-11-03', 12, 'BSIT', 4),
(221208, '2011-45383', '2014-11-03', 12, 'BSIT', 4),
(221213, '2011-45358', '2014-11-03', 12, 'BSIT', 4),
(221214, '2011-49947', '2014-11-03', 12, 'BSIT', 4),
(221261, '2011-51668', '2014-11-03', 12, 'BSIT', 4),
(221271, '2010-46800', '2014-11-03', 12, 'BSIT', 4),
(221283, '2011-45156', '2014-11-03', 12, 'BSIT', 4),
(221285, '2014-016682', '2014-11-03', 12, 'BSBIO', 1),
(221294, '2011-45086', '2014-11-03', 12, 'BSIT', 4),
(221377, '2013-02250', '2014-11-03', 12, 'BSCS', 2),
(221380, '2011-56897', '2014-11-03', 12, 'BSIT', 4),
(221403, '2012-06086', '2014-11-03', 12, 'BSCS', 2),
(221430, '2013-01273', '2014-11-03', 12, 'BSCS', 2),
(221454, '2012-08988', '2014-11-03', 12, 'BSBIO', 3),
(221496, '2012-11405', '2014-11-03', 12, 'BSCS', 3),
(221936, '2011-50577', '2014-11-03', 12, 'BSIT', 4),
(222031, '2014-024508', '2014-11-03', 12, 'BSIT', 1),
(222043, '2012-11982', '2014-11-03', 12, 'BSCHEM', 3),
(222088, '2011-42574', '2014-11-03', 12, 'BSIT', 4),
(222099, '2011-43700', '2014-11-03', 12, 'BSIT', 4),
(222132, '2013-08774', '2014-11-03', 12, 'BSCHEM', 2),
(222155, '2012-08485', '2014-11-03', 12, 'BSCS', 3),
(222209, '2014-017819', '2014-11-03', 12, 'BSIT', 1),
(222220, '2014-018508', '2014-11-03', 12, 'BSIT', 1),
(222241, '2013-01439', '2014-11-03', 12, 'BSIT', 2),
(222243, '2013-01139', '2014-11-03', 12, 'BSCS', 2),
(222253, '2013-05451', '2014-11-03', 12, 'BSCS', 2),
(222263, '2013-06658', '2014-11-03', 12, 'BSCS', 2),
(222273, '2013-10356', '2014-11-03', 12, 'BSCS', 2),
(222276, '2011-30026', '2014-11-03', 12, 'BSCHEM', 4),
(222295, '2013-06771', '2014-11-03', 12, 'BSCS', 2),
(222306, '2013-06386', '2014-11-03', 12, 'BSCS', 2),
(222317, '2013-04062', '2014-11-03', 12, 'BSCS', 2),
(222338, '2010-47409', '2014-11-03', 12, 'BSCS', 4),
(222395, '2013-00966', '2014-11-03', 12, 'BSIT', 2),
(222402, '2013-03941', '2014-11-03', 12, 'BSIT', 2),
(222409, '2013-05232', '2014-11-03', 12, 'BSIT', 2),
(222431, '2013-11319', '2014-11-03', 12, 'BSIT', 2),
(222433, '2013-10440', '2014-11-03', 12, 'BSIT', 2),
(222445, '2013-08358', '2014-11-03', 12, 'BSIT', 2),
(222486, '2013-05809', '2014-11-03', 12, 'BSIT', 2),
(222515, '2013-01478', '2014-11-03', 12, 'BSIT', 2),
(222527, '2013-09478', '2014-11-03', 12, 'BSIT', 2),
(222538, '2013-00328', '2014-11-03', 12, 'BSIT', 2),
(222580, '2013-11764', '2014-11-03', 12, 'BSIT', 2),
(222584, '2010-40591', '2014-11-03', 12, 'BSBIO', 4),
(222600, '2013-08888', '2014-11-03', 12, 'BSIT', 2),
(222653, '2013-10042', '2014-11-03', 12, 'BSIT', 2),
(222698, '2014-019025', '2014-11-03', 12, 'BSCS', 1),
(222722, '2013-05623', '2014-11-03', 12, 'BSIT', 2),
(223000, '2011-48564', '2014-11-04', 12, 'BSIT', 4),
(223037, '2011-43909', '2014-11-04', 12, 'BSCHEM', 3),
(223058, '2013-08098', '2014-11-04', 12, 'BSCHEM', 1),
(223064, '2012-04050', '2014-11-04', 12, 'BSCHEM', 3),
(223070, '2011-50914', '2014-11-04', 12, 'BSCHEM', 3),
(223672, '2013-08688', '2014-11-04', 12, 'BSIT', 2),
(223674, '2013-01375', '2014-11-04', 12, 'BSIT', 2),
(223679, '2013-05936', '2014-11-04', 12, 'BSIT', 2),
(223714, '2010-45282', '2014-11-04', 12, 'BSCS', 4),
(223717, '2011-48514', '2014-11-04', 12, 'BSBIO', 3),
(223726, '2011-48629', '2014-11-04', 12, 'BSBIO', 4),
(223735, '2010-47592', '2014-11-04', 12, 'BSCS', 4),
(223814, '2013-10476', '2014-11-04', 12, 'BSIT', 2),
(223831, '2011-43218', '2014-11-04', 12, 'BSIT', 3),
(223834, '2013-08949', '2014-11-04', 12, 'BSIT', 2),
(223875, '2010-47805', '2014-11-04', 12, 'BSIT', 4),
(223893, '2013-02663', '2014-11-04', 12, 'BSCS', 2),
(223952, '2013-02974', '2014-11-04', 12, 'BSIT', 2),
(223975, '2013-03357', '2014-11-04', 12, 'BSIT', 2),
(223991, '2012-12106', '2014-11-04', 12, 'BSIT', 3),
(223992, '2012-03158', '2014-11-04', 12, 'BSCS', 3),
(224014, '2012-05712', '2014-11-04', 12, 'BSCS', 2),
(224024, '2011-49295', '2014-11-04', 12, 'BSIT', 4),
(224032, '2013-01778', '2014-11-04', 12, 'BSCS', 2),
(224117, '2011-51713', '2014-11-04', 12, 'BSCHEM', 4),
(224148, '2014-018668', '2014-11-04', 12, 'BSIT', 1),
(224195, '2013-05690', '2014-11-04', 12, 'BSIT', 2),
(224198, '2013-06360', '2014-11-04', 12, 'BSIT', 2),
(224204, '2013-06597', '2014-11-04', 12, 'BSIT', 2),
(224207, '2013-01963', '2014-11-04', 12, 'BSIT', 2),
(224210, '2014-013895', '2014-11-04', 12, 'BSCS', 1),
(224211, '2013-04690', '2014-11-04', 12, 'BSIT', 2),
(224212, '2014-023017', '2014-11-04', 12, 'BSCS', 1),
(224215, '2013-11944', '2014-11-04', 12, 'BSIT', 2),
(224218, '2013-05372', '2014-11-04', 12, 'BSIT', 2),
(224227, '2014-014932', '2014-11-04', 12, 'BSCS', 1),
(224305, '2013-05587', '2014-11-04', 12, 'BSCS', 2),
(224453, '2011-43596', '2014-11-05', 12, 'BSCHEM', 4),
(224483, '2011-47966', '2014-11-05', 12, 'BSCHEM', 3),
(224555, '2013-12173', '2014-11-05', 12, 'BSBIO', 1),
(224577, '2011-45174', '2014-11-05', 12, 'BSCHEM', 4),
(224676, '2013-04426', '2014-11-05', 12, 'BSCS', 2),
(224716, '2013-02123', '2014-11-05', 12, 'BSCS', 2),
(224744, '2014-015517', '2014-11-05', 12, 'BSBIO', 1),
(225054, '2014-023859', '2014-11-05', 12, 'BSCS', 1),
(225153, '2012-12114', '2014-11-05', 12, 'BSIT', 3),
(225233, '09-12873', '2014-11-05', 12, 'BSCS', 4),
(225309, '2014-025535', '2014-11-05', 12, 'BSCS', 1),
(225312, '2011-43469', '2014-11-05', 12, 'BSCHEM', 4),
(225314, '2011-43053', '2014-11-05', 12, 'BSIT', 3),
(225334, '2011-42870', '2014-11-05', 12, 'BSCHEM', 4),
(225847, '2014-016523', '2014-11-06', 12, 'BSCS', 1),
(225890, '2014-015348', '2014-11-06', 12, 'BSCS', 1),
(225973, '2014-025044', '2014-11-06', 12, 'BSCS', 1),
(226056, '2011-50948', '2014-11-06', 12, 'BSCHEM', 3),
(226058, '2013-10234', '2014-11-06', 12, 'BSCS', 2),
(226108, '2012-08389', '2014-11-06', 12, 'BSIT', 3),
(226320, '2014-024893', '2014-11-06', 12, 'BSBIO', 1),
(226368, '2011-44480', '2014-11-07', 12, 'BSCHEM', 4),
(226561, '2012-08884', '2014-11-07', 12, 'BSIT', 3),
(226574, '2012-09503', '2014-11-07', 12, 'BSIT', 3),
(226579, '2012-09244', '2014-11-07', 12, 'BSIT', 3),
(226582, '2011-47183', '2014-11-07', 12, 'BSIT', 3),
(226583, '2011-47698', '2014-11-07', 12, 'BSIT', 3),
(226590, '2012-09533', '2014-11-07', 12, 'BSIT', 3),
(226593, '2012-09269', '2014-11-07', 12, 'BSIT', 3),
(226595, '2012-11125', '2014-11-07', 12, 'BSIT', 3),
(226596, '2012-08958', '2014-11-07', 12, 'BSIT', 3),
(226598, '2012-07114', '2014-11-07', 12, 'BSIT', 3),
(226600, '2012-08293', '2014-11-07', 12, 'BSIT', 3),
(226603, '2012-10697', '2014-11-07', 12, 'BSIT', 3),
(226656, '2011-46825', '2014-11-07', 12, 'BSCS', 2),
(226677, '2011-50509', '2014-11-07', 12, 'BSCS', 3),
(226719, '2012-00592', '2014-11-07', 12, 'BSIT', 3),
(226734, '2012-08795', '2014-11-07', 12, 'BSIT', 3),
(226754, '2012-12897', '2014-11-07', 12, 'BSIT', 2),
(226756, '2012-08867', '2014-11-07', 12, 'BSIT', 3),
(226761, '2012-05615', '2014-11-07', 12, 'BSIT', 2),
(226806, '2012-01718', '2014-11-07', 12, 'BSIT', 3),
(226808, '2012-04451', '2014-11-07', 12, 'BSIT', 3),
(226841, '2012-19928', '2014-11-07', 12, 'BSIT', 3),
(226857, '2012-12280', '2014-11-07', 12, 'BSIT', 3),
(226864, '2012-02486', '2014-11-07', 12, 'BSIT', 3),
(226915, '2011-50827', '2014-11-07', 12, 'BSCS', 3),
(226973, '2010-40859', '2014-11-07', 12, 'BSCS', 4),
(226979, '2012-11603', '2014-11-07', 12, 'BSCS', 3),
(227053, '2010-40841', '2014-11-07', 12, 'BSCHEM', 4),
(227415, '2011-41317', '2014-11-10', 12, 'BSCHEM', 4),
(227418, '2012-03951', '2014-11-10', 12, 'BSIT', 3),
(227505, '2011-41332', '2014-11-12', 12, 'BSCS', 4),
(227536, '2012-03162', '2014-11-12', 12, 'BSIT', 3),
(227592, '2011-42867', '2014-11-12', 12, 'BSCS', 4),
(227601, '2011-47491', '2014-11-12', 12, 'BSCS', 4),
(227640, '2013-06963', '2014-11-12', 12, 'BSCS', 2),
(227671, '2014-015456', '2014-11-12', 12, 'BSBIO', 1),
(227682, '2013-07781', '2014-11-12', 12, 'BSIT', 1),
(228415, '2011-43491', '2014-11-14', 12, 'BSIT', 3),
(228521, '2011-44567', '2014-11-14', 12, 'BSCHEM', 4),
(228832, '2010-43660', '2014-11-18', 12, 'BSCHEM', 3),
(228993, '2013-01219', '2014-11-21', 12, 'BSBIO', 2),
(229129, '07-1635', '2014-12-22', 12, 'BSCS', 4),
(229130, '07-1609', '2014-12-22', 12, 'BSCS', 4),
(229134, '2013-08408', '2015-01-08', 12, 'BSCS', 2);

-- --------------------------------------------------------

--
-- Table structure for table `student_t`
--

CREATE TABLE IF NOT EXISTS `student_t` (
  `student_id` varchar(32) NOT NULL,
  `f_name` varchar(32) DEFAULT NULL,
  `m_name` varchar(32) DEFAULT NULL,
  `l_name` varchar(32) DEFAULT NULL,
  `gender` enum('Female','Male') DEFAULT NULL,
  `birthdate` date DEFAULT NULL,
  `address` varchar(255) DEFAULT NULL,
  `status` enum('regular','irregular','graduate','shifter','dropped','stopped') DEFAULT NULL,
  PRIMARY KEY (`student_id`)
) ENGINE=InnoDB DEFAULT CHARSET=latin1;

--
-- Dumping data for table `student_t`
--

INSERT INTO `student_t` (`student_id`, `f_name`, `m_name`, `l_name`, `gender`, `birthdate`, `address`, `status`) VALUES
('07-1609', 'CLARISSE ', ' Monforte ', 'ANDES', 'Female', NULL, NULL, 'regular'),
('07-1635', 'CONSTANTINO ', ' Lucido ', 'DE LUMEN', 'Male', NULL, NULL, 'regular'),
('09-12873', 'KENICHI ', ' Blanco ', 'SHIBATA', 'Male', NULL, NULL, 'regular'),
('2006-14689', '', ' Jay Floranza ', 'NACE', 'Male', NULL, NULL, 'regular'),
('2010-40185', 'MARIA CHRISLY ', ' Niemo ', 'ADRAO', 'Female', NULL, NULL, 'regular'),
('2010-40446', 'PEARL ANN ', ' Morato ', 'ALMELOR', 'Female', NULL, NULL, 'regular'),
('2010-40591', 'GIOVANI ', ' Cachola ', 'ANDES', 'Male', NULL, NULL, 'regular'),
('2010-40725', 'MICHELLE ', ' Basa ', 'ARAÑO', 'Female', NULL, NULL, 'regular'),
('2010-40841', 'JONATHAN ANDREW ', ' Belleza ', 'ARIÑO', 'Male', NULL, NULL, 'regular'),
('2010-40859', 'JOVIEL ', ' Balgemino ', 'ARMARIO', 'Male', NULL, NULL, 'regular'),
('2010-42209', 'YVONNE MARIE ', ' Ante ', 'BIGAY', 'Female', NULL, NULL, 'regular'),
('2010-43109', 'SHEENA MAE ', ' Belo ', 'CALAR', 'Female', NULL, NULL, 'regular'),
('2010-43660', 'VICTOR ANGELO ', ' Roranes ', 'CIRUJALES', 'Male', NULL, NULL, 'regular'),
('2010-45282', 'NORMAN ARLO ', ' Tubosa ', 'FULGENCIO', 'Male', NULL, NULL, 'regular'),
('2010-45803', 'CRISTYMAI ', ' Moral ', 'GUIRIBA', 'Female', NULL, NULL, 'regular'),
('2010-45863', 'CATHERINE ', ' Germedia ', 'HEATH', 'Female', NULL, NULL, 'regular'),
('2010-46800', 'IREN ', ' Llona ', 'LOTINO', 'Female', NULL, NULL, 'regular'),
('2010-47139', 'MARIA GELLEN ', ' Macasinag ', 'MALAGA', 'Female', NULL, NULL, 'regular'),
('2010-47236', 'MARJI LEIZL ', ' Marbid ', 'MANDANE', 'Female', NULL, NULL, 'regular'),
('2010-47409', 'JUNELL ', ' Tolosa ', 'MARCAYDA', 'Male', NULL, NULL, 'regular'),
('2010-47592', 'DANIEL ', ' Dela Torre ', 'MATOCIÑOS', 'Male', NULL, NULL, 'regular'),
('2010-47805', 'JERIC ', ' Latonero ', 'MILLENA', 'Male', NULL, NULL, 'regular'),
('2010-50117', 'KRIZIAH ', ' Libot ', 'RODRIGUEZ', 'Female', NULL, NULL, 'regular'),
('2010-50757', 'KARL PHILIP ', ' Famor ', 'SINOGBA', 'Male', NULL, NULL, 'regular'),
('2010-51129', 'SHAHANIE ', ' Evangelista ', 'UY', 'Female', NULL, NULL, 'regular'),
('2011-30026', 'ARIANNE MAE ', ' Mago ', 'LASIN', 'Female', NULL, NULL, 'regular'),
('2011-40899', 'DELIA CARMINA ', ' Cadag ', 'VILLANUEVA', 'Female', NULL, NULL, 'regular'),
('2011-40924', 'JANSEN ', ' Molato ', 'ABAINZA', 'Male', NULL, NULL, 'regular'),
('2011-40936', 'EDJAY ', ' Lana ', 'ABARIENTOS', 'Male', NULL, NULL, 'regular'),
('2011-40943', 'RALPH ROBERT ', ' Gelilio ', 'ABAYON', 'Male', NULL, NULL, 'regular'),
('2011-40978', 'MARY ANNE ', ' Mata ', 'ABILGOS', 'Female', NULL, NULL, 'regular'),
('2011-41060', 'JOHN PATRICK ', ' Llanes ', 'ACOSTA', 'Male', NULL, NULL, 'regular'),
('2011-41186', 'MARIA CAMILLE ', ' Del Agua ', 'ALA', 'Female', NULL, NULL, 'regular'),
('2011-41215', 'SARAH ', ' Llanza ', 'ALAURIN', 'Female', NULL, NULL, 'regular'),
('2011-41265', 'JOHN JERVIE ', ' Calingacion ', 'ALCERA', 'Male', NULL, NULL, 'regular'),
('2011-41317', 'ALIZZA MARIE ', ' Maristela ', 'ALILANO', 'Female', NULL, NULL, 'regular'),
('2011-41332', 'JULIOUS ', ' Lotivio ', 'ALMAZAN', 'Male', NULL, NULL, 'regular'),
('2011-41563', 'ELIZA MARIE ', ' Barruga ', 'ARAGON', 'Female', NULL, NULL, 'regular'),
('2011-41688', 'KESHIA ', ' Verano ', 'ARIMBAY', 'Female', NULL, NULL, 'regular'),
('2011-41728', 'MARIAN ', ' Buenaobra ', 'ARMARIO', 'Female', NULL, NULL, 'regular'),
('2011-41871', 'JESSA MAE ', ' Muyna ', 'ATUTUBO', 'Female', NULL, NULL, 'regular'),
('2011-41973', 'JAKE ALAIN ', ' Lanzon ', 'BACHILLER', 'Male', NULL, NULL, 'regular'),
('2011-42006', 'AIREEN ', ' Rosales ', 'BAGAGÑAN', 'Female', NULL, NULL, 'regular'),
('2011-42079', 'JOHN MELWIN ', ' Esquivel ', 'BALASTA', 'Male', NULL, NULL, 'regular'),
('2011-42262', 'GABRIEL ', ' Rayco ', 'BALONZO', 'Male', NULL, NULL, 'regular'),
('2011-42574', 'MICHAEL JAY ', ' Brul ', 'BARUGO', 'Male', NULL, NULL, 'regular'),
('2011-42584', 'VANNA ESTHER ', ' Bello ', 'BAS', 'Female', NULL, NULL, 'regular'),
('2011-42610', 'AARON ', ' Samar ', 'BASCO', 'Male', NULL, NULL, 'regular'),
('2011-42867', 'MIKO ', ' Balayo ', 'BELLUDO', 'Male', NULL, NULL, 'regular'),
('2011-42869', 'JAMAIRA ', ' Guavar ', 'BELMES', 'Female', NULL, NULL, 'regular'),
('2011-42870', 'JUSTIN IVER ', ' Lorete ', 'BELMES', 'Male', NULL, NULL, 'regular'),
('2011-43000', 'ANGELICA ', ' Pantino ', 'BERMILLO', 'Female', NULL, NULL, 'regular'),
('2011-43053', 'JUDY ', ' Madelar ', 'BERTIZ', 'Female', NULL, NULL, 'regular'),
('2011-43113', 'JOYCE ', ' Mayao ', 'BIGLAEN', 'Female', NULL, NULL, 'regular'),
('2011-43142', 'JANINE IDA VIKTORIA ', ' Buen ', 'BILONO', 'Female', NULL, NULL, 'regular'),
('2011-43218', 'VANESSA ', ' Tapanan ', 'BITON', 'Female', NULL, NULL, 'regular'),
('2011-43262', 'JASON ', ' Deo ', 'BERGANIO', 'Male', NULL, NULL, 'regular'),
('2011-43346', 'JOHN PAULO ', ' Borito ', 'BONACUA', 'Male', NULL, NULL, 'regular'),
('2011-43384', 'SAMUEL ', ' Mangsat ', 'BONCODIN', 'Male', NULL, NULL, 'regular'),
('2011-43460', 'JENNELYN ', ' Bañal ', 'BONTO', 'Female', NULL, NULL, 'regular'),
('2011-43469', 'MARIE ANTHONETTE ', ' Mortega ', 'BORABO', 'Female', NULL, NULL, 'regular'),
('2011-43491', 'AIKO ', ' Jadie ', 'BORDEOS', 'Female', NULL, NULL, 'irregular'),
('2011-43596', 'JUNELA ', ' Albao ', 'BRACINO', 'Female', NULL, NULL, 'regular'),
('2011-43656', 'HARJANE ', ' Bongon ', 'BRIOSO', 'Female', NULL, NULL, 'regular'),
('2011-43700', 'JULIUS ', ' Redondo ', 'BROÑOSO', 'Male', NULL, NULL, 'regular'),
('2011-43850', 'MARY ANTONETTE ', ' Clapis ', 'BUIZA', 'Female', NULL, NULL, 'regular'),
('2011-43909', 'BRIAN FRANK ', ' Duka ', 'BUSTENERA', 'Male', NULL, NULL, 'regular'),
('2011-44158', 'KELVIN ', ' Enciso ', 'CANTERO', 'Male', NULL, NULL, 'regular'),
('2011-44394', 'JEPEE HEROME ', ' Magnaye ', 'CELORICO', 'Male', NULL, NULL, 'regular'),
('2011-44404', 'MARIA SALVACION ', ' Parcon ', 'CENETA', 'Female', NULL, NULL, 'regular'),
('2011-44480', 'STEPHANIE LLANES ', ' Lim ', 'CHUA', 'Female', NULL, NULL, 'regular'),
('2011-44567', 'JOMARI ', ' Barbante ', 'CO', 'Male', NULL, NULL, 'regular'),
('2011-44747', 'STEPHEN JOE ', ' Tiamsing ', 'CRUZ', 'Male', NULL, NULL, 'regular'),
('2011-44838', 'MARY CHELSEA ', ' Gutierrez ', 'DALDE', 'Female', NULL, NULL, 'regular'),
('2011-45086', 'DICK HARENCE ', ' Samonte ', 'DELA VEGA', 'Male', NULL, NULL, 'regular'),
('2011-45088', 'JOB ', ' Riva ', 'DELAVIN', 'Male', NULL, NULL, 'regular'),
('2011-45156', 'ALBERT ', ' Domalaon ', 'DESTURA', 'Male', NULL, NULL, 'regular'),
('2011-45174', 'MARGIE ', ' Floresca ', 'DETERA', 'Female', NULL, NULL, 'regular'),
('2011-45198', 'DENNYSE ', ' Catolico ', 'DIAZ', 'Female', NULL, NULL, 'regular'),
('2011-45245', 'DOMINICA ', ' Dio ', 'DINO', 'Female', NULL, NULL, 'regular'),
('2011-45261', 'RONNEL ', ' ', 'DIONEDA', 'Male', NULL, NULL, 'regular'),
('2011-45358', 'JANINE MARTHA ', ' Encinares ', 'DOMINGUIANO', 'Female', NULL, NULL, 'regular'),
('2011-45383', 'MICHELLE ANNE ', ' Grafil ', 'DREU', 'Female', NULL, NULL, 'regular'),
('2011-45765', 'SARAH JANE ', ' Pocamas ', 'ESQUIVEL', 'Female', NULL, NULL, 'regular'),
('2011-45861', 'DARLENE ', ' Mira ', 'FABUL', 'Female', NULL, NULL, 'regular'),
('2011-46161', 'ERROL ', ' Mar ', 'GALLEGO', 'Male', NULL, NULL, 'regular'),
('2011-46264', 'IRIS ', ' Son ', 'GARRIDO', 'Female', NULL, NULL, 'regular'),
('2011-46594', 'CATHERINE ', ' Mirafuentes ', 'HERMOSO', 'Female', NULL, NULL, 'regular'),
('2011-46698', 'RAEZEL ANNE ', ' Domingo ', 'ICARANOM', 'Female', NULL, NULL, 'regular'),
('2011-46825', 'ISMAEL ', ' Agripa ', 'JERUSALEM', 'Male', NULL, NULL, 'regular'),
('2011-47102', 'MARY JOY ', ' Guela ', 'LIBARDO', 'Female', NULL, NULL, 'regular'),
('2011-47183', 'LEAH JANE ', ' Losito ', 'LLABAN', 'Female', NULL, NULL, 'regular'),
('2011-47236', 'KARL RENZ ', ' Misolas ', 'LLANA', 'Male', NULL, NULL, 'regular'),
('2011-47254', 'FIONA RAE ', ' Mayor ', 'LLANETA', 'Female', NULL, NULL, 'regular'),
('2011-47354', 'SHENNA MARIE ', ' Berjuega ', 'LOCAÑAS', 'Female', NULL, NULL, 'regular'),
('2011-47416', 'MARY IMM ', ' Ecal ', 'LONEZA', 'Female', NULL, NULL, 'regular'),
('2011-47491', 'JOSETTE ', ' Montenegro ', 'LOQUINARIO', 'Female', NULL, NULL, 'regular'),
('2011-47618', 'PAULETTE LINDSAY ', ' Toledana ', 'LOZA', 'Female', NULL, NULL, 'regular'),
('2011-47698', 'JESSICA ', ' Nueles ', 'LUMUNSOD', 'Female', NULL, NULL, 'regular'),
('2011-47805', 'JOSELLE ', ' Altamera ', 'MADRASO', 'Female', NULL, NULL, 'regular'),
('2011-47834', 'RAMIL EARL ', ' Ayson ', 'MADRIDEO', 'Male', NULL, NULL, 'regular'),
('2011-47966', 'JAYSON ', ' Montales ', 'MALANA', 'Male', NULL, NULL, 'regular'),
('2011-48258', 'KRISTINA ', ' Robles ', 'MARCAIDA', 'Female', NULL, NULL, 'regular'),
('2011-48498', 'LARA KATRINA ', ' Bitara ', 'MEDEL', 'Female', NULL, NULL, 'regular'),
('2011-48514', 'JANKRISH ALFERNEE ', ' Laurena ', 'MEDINA', 'Male', NULL, NULL, 'irregular'),
('2011-48564', 'BRENT EARL ', ' Abrantes ', 'MENDIZABAL', 'Male', NULL, NULL, 'regular'),
('2011-48577', 'JENNICA ANNE ', ' Azur ', 'MENDOZA', 'Female', NULL, NULL, 'regular'),
('2011-48629', 'JEFFREY JAYMES ', ' Abogado ', 'MESIAS', 'Male', NULL, NULL, 'regular'),
('2011-48681', 'LOVEJOY ', ' Realisan ', 'MILLARE', 'Female', NULL, NULL, 'regular'),
('2011-48759', 'THERESA ', ' MA. Dela Torre ', 'MATOCIÑOS', 'Female', NULL, NULL, 'regular'),
('2011-49020', 'GIRLIE ', ' Napay ', 'MORTA', 'Female', NULL, NULL, 'regular'),
('2011-49295', 'LESTER ', ' Hernandez ', 'NAZ', 'Male', NULL, NULL, 'regular'),
('2011-49471', 'EMAR JOHN ', ' Palmiano ', 'NUDA', 'Male', NULL, NULL, 'regular'),
('2011-49595', 'KAROL JANE ', ' Endraca ', 'OCTEZA', 'Female', NULL, NULL, 'regular'),
('2011-49744', 'DARLENE JOYCE ', ' Jalmasco ', 'OPIANA', 'Female', NULL, NULL, 'regular'),
('2011-49947', 'CHESKA ANN ', ' Abellano ', 'PAGA', 'Female', NULL, NULL, 'regular'),
('2011-50076', 'LANNIE ', ' Mate ', 'PANTOJA', 'Female', NULL, NULL, 'regular'),
('2011-50099', 'ALYSSA MARIE ', ' Espinas ', 'PARIÑA', 'Female', NULL, NULL, 'regular'),
('2011-50220', 'YASMIN ', ' Aguila ', 'PERALTA', 'Female', NULL, NULL, 'regular'),
('2011-50396', 'JOHN MAYNARD ', ' Orlina ', 'PRINCESA', 'Male', NULL, NULL, 'regular'),
('2011-50509', 'MARGYL JOY ', ' Agapito ', 'RABINO', 'Female', NULL, NULL, 'regular'),
('2011-50577', 'JACKIELYNN ', ' Cajurao ', 'RAMOS', 'Female', NULL, NULL, 'regular'),
('2011-50691', 'ELA MAE ', ' Buendia ', 'REBUSTILLO', 'Female', NULL, NULL, 'regular'),
('2011-50827', 'JERALD ', ' Trinidad ', 'REODIQUE', 'Male', NULL, NULL, 'regular'),
('2011-50914', 'CHRISTINE JOY ', ' Rabe ', 'REYES', 'Female', NULL, NULL, 'regular'),
('2011-50922', 'DHYRA ', ' Pantino ', 'RICACHO', 'Female', NULL, NULL, 'regular'),
('2011-50948', 'MARA ', ' Avila ', 'RICO', 'Female', NULL, NULL, 'regular'),
('2011-51232', 'AMYTITA ', ' Robrigado ', 'SALANDO', 'Female', NULL, NULL, 'regular'),
('2011-51267', 'CHARLES JASTIN ', ' Enriquez ', 'SALLE', 'Male', NULL, NULL, 'regular'),
('2011-51329', 'MARICON ', ' Manjares ', 'SAN JOSE', 'Female', NULL, NULL, 'regular'),
('2011-51461', 'JOSHUA JAN ', ' Santiago ', 'SARTORIO', 'Male', NULL, NULL, 'regular'),
('2011-51668', 'EUNICE ', ' Julian ', 'SORIANO', 'Female', NULL, NULL, 'regular'),
('2011-51681', 'VANESSA MAE ', ' Manzanero ', 'STA. ANA', 'Female', NULL, NULL, 'regular'),
('2011-51713', 'BERNADETTE ', ' Donato ', 'SUSANO', 'Female', NULL, NULL, 'regular'),
('2011-51858', 'DIANE MARIE ', ' Narvaez ', 'TOLEDO', 'Female', NULL, NULL, 'regular'),
('2011-51864', 'JULIAN ', ' . ', 'TOLEDO', 'Male', NULL, NULL, 'regular'),
('2011-51955', 'ROSE ANN ', ' Jaymalin ', 'TUAZON', 'Female', NULL, NULL, 'regular'),
('2011-52010', 'NERI JANE ', ' Alarte ', 'VALENCIA', 'Female', NULL, NULL, 'regular'),
('2011-52195', 'MARIA PRECIOSA ', ' Balaguer ', 'VILLANUEVA', 'Female', NULL, NULL, 'regular'),
('2011-52758', 'MARIA GIA ', ' . ', 'NERI', 'Female', NULL, NULL, 'regular'),
('2011-56897', 'VISNU EJAY ', ' Seva ', 'BACLAO', 'Male', NULL, NULL, 'regular'),
('2012-00053', 'MADITH ', ' Aljecera ', 'DEINLA', 'Female', NULL, NULL, 'regular'),
('2012-00365', 'LEICHEL ANN ', ' Neptuno ', 'ALBERTO', 'Female', NULL, NULL, 'regular'),
('2012-00592', 'DANNY BOY ', ' Peape ', 'PEREZ', 'Male', NULL, NULL, 'regular'),
('2012-00814', 'JASPER DAN ', ' Irenea ', 'ARCILLA', 'Male', NULL, NULL, 'regular'),
('2012-00860', 'ARNOLD JAN ', ' Royo ', 'DELA CRUZ', 'Male', NULL, NULL, 'regular'),
('2012-01166', 'RUSHAINE ', ' Padre ', 'PALOMILLO', 'Female', NULL, NULL, 'regular'),
('2012-01169', 'CATHERINE ', ' MA. Noda ', 'NAPOLIS', 'Female', NULL, NULL, 'regular'),
('2012-01180', 'BIANCA DENISE ', ' Agnes ', 'DEL PUERTO', 'Female', NULL, NULL, 'regular'),
('2012-01190', 'KATHLEEN ', ' Casa ', 'MARQUEZ', 'Female', NULL, NULL, 'regular'),
('2012-01193', 'MONICA ', ' Nocete ', 'ZURBANO', 'Female', NULL, NULL, 'regular'),
('2012-01196', 'BOBET JAN ', ' Murillo ', 'BONAGUA', 'Male', NULL, NULL, 'regular'),
('2012-01267', 'ROSANGELA ', ' Orcena ', 'DE LEON', 'Female', NULL, NULL, 'regular'),
('2012-01657', 'RAY ANGELO ', ' Campos ', 'MUÑOZ', 'Male', NULL, NULL, 'regular'),
('2012-01718', 'SHAIRA ', ' Peñaflor ', 'OFFEMARIA', 'Female', NULL, NULL, 'regular'),
('2012-02137', 'YVES LAURENT ', ' Nolasco ', 'STO. DOMINGO', 'Male', NULL, NULL, 'regular'),
('2012-02148', 'ANNA MARIE ', ' Dulutan ', 'REYES', 'Female', NULL, NULL, 'regular'),
('2012-02486', 'KIMBERLY ', ' Caranza ', 'SABROSO', 'Female', NULL, NULL, 'regular'),
('2012-02596', 'CRISTIAN ', ' Figura ', 'ARECHITA', 'Male', NULL, NULL, 'regular'),
('2012-02602', 'EMMYLOU ', ' Cortez ', 'NICOLAS', 'Female', NULL, NULL, 'regular'),
('2012-02696', 'AILEEN ', ' Bermundo ', 'BARBACENA', 'Female', NULL, NULL, 'regular'),
('2012-02699', 'CLARICE ', ' Bueno ', 'BANDAY', 'Female', NULL, NULL, 'regular'),
('2012-02776', 'MICHAEL JHUN ANGELO ', ' Tengco ', 'BEA', 'Male', NULL, NULL, 'regular'),
('2012-02930', 'GEFFREY ', ' Ricalde ', 'BIBON', 'Male', NULL, NULL, 'regular'),
('2012-02951', 'MARIA JHAZMINE ', ' Millan ', 'NABOR', 'Female', NULL, NULL, 'regular'),
('2012-03021', 'EUNICE ', ' Miraflores ', 'DIMACUTA', 'Female', NULL, NULL, 'regular'),
('2012-03158', 'JOBERT ', ' Tumaquip ', 'TUZON', 'Male', NULL, NULL, 'regular'),
('2012-03162', 'LYCEL ', ' Crucillo ', 'CLADO', 'Female', NULL, NULL, 'regular'),
('2012-03226', 'RIZZA MAY ', ' Basabe ', 'BENDICIO', 'Female', NULL, NULL, 'regular'),
('2012-03432', 'HANNAH BERNADINE ', ' Lambo ', 'BUBAN', 'Female', NULL, NULL, 'regular'),
('2012-03440', 'ERNESTO ', ' ', 'BARRAMEDA', 'Male', NULL, NULL, 'regular'),
('2012-03465', 'MARY JOY ', ' Lola ', 'BELARDO', 'Female', NULL, NULL, 'regular'),
('2012-03476', 'MARY JOY ', ' Bello ', 'PEREZ', 'Female', NULL, NULL, 'regular'),
('2012-03612', 'LEMUEL ', ' Bercasio ', 'CASTRO', 'Male', NULL, NULL, 'regular'),
('2012-03746', 'ROLLIE ', ' Bolata ', 'BUBAN', 'Male', NULL, NULL, 'regular'),
('2012-03750', 'MARK JEROME ', ' Tresvalles ', 'BONGALON', 'Male', NULL, NULL, 'regular'),
('2012-03795', 'REM ', ' Brutas ', 'CAMONAYAN', 'Male', NULL, NULL, 'regular'),
('2012-03887', 'JAKE WILSON ', ' Barra ', 'BINADAY', 'Male', NULL, NULL, 'regular'),
('2012-03889', 'ALMIRA ZYRRA ', ' Cortezano ', 'BURCE', 'Female', NULL, NULL, 'regular'),
('2012-03931', 'KLARYS ', ' Molato ', 'ABAINZA', 'Female', NULL, NULL, 'regular'),
('2012-03951', 'MARK LESTER ', ' Barcia ', 'BELBIS', 'Male', NULL, NULL, 'regular'),
('2012-04050', 'MICHAEL RANSES ', ' Quijano ', 'CASAGAN', 'Male', NULL, NULL, 'regular'),
('2012-04115', 'JOCEL ', ' Ruizo ', 'RIODEQUE', 'Female', NULL, NULL, 'regular'),
('2012-04451', 'ZHARIE ', ' Petalio ', 'BENZON', 'Female', NULL, NULL, 'regular'),
('2012-04477', 'ANGELA DIANNE ', ' Dioneda ', 'VARIACION', 'Female', NULL, NULL, 'regular'),
('2012-04509', 'LEA KARLA ', ' Jacinto ', 'MAPAGDALITA', 'Female', NULL, NULL, 'regular'),
('2012-04541', 'KRISTINE MAE ', ' Ajedo ', 'RENOVALLES', 'Female', NULL, NULL, 'regular'),
('2012-05010', 'JUVY ', ' Bausa ', 'OLIVARES', 'Female', NULL, NULL, 'regular'),
('2012-05208', 'IVY ', ' Freo ', 'ARANDA', 'Female', NULL, NULL, 'regular'),
('2012-05338', 'VINCENT OSCAR ', ' Barba ', 'MACEDA', 'Male', NULL, NULL, 'regular'),
('2012-05518', 'CYRIN MAE ', ' Grajo ', 'BURTON', 'Female', NULL, NULL, 'regular'),
('2012-05547', 'JUSTIN JOSEF ', ' Ginete ', 'ALINDOGAN', 'Male', NULL, NULL, 'regular'),
('2012-05615', 'MIGUEL FRANCISCO ', ' Filgueras ', 'CALLO', 'Male', NULL, NULL, 'regular'),
('2012-05707', 'JOY ', ' Rabe ', 'GURAY', 'Female', NULL, NULL, 'regular'),
('2012-05712', 'DEO BIEN ', ' Pinzon ', 'DINO', 'Male', NULL, NULL, 'regular'),
('2012-05828', 'MARY KRIS ', ' Polo ', 'MORCO', 'Female', NULL, NULL, 'regular'),
('2012-05831', 'JEANY LYN ', ' Bien ', 'BAÑEGA', 'Female', NULL, NULL, 'regular'),
('2012-06086', 'GIL ', ' NIÑO Resayaga ', 'GALEMBA', 'Male', NULL, NULL, 'regular'),
('2012-06121', 'LORREN ', ' Narra ', 'REBUTICA', 'Male', NULL, NULL, 'regular'),
('2012-06138', 'KENNETH ', ' Manabat ', 'DE LA FUENTE', 'Male', NULL, NULL, 'regular'),
('2012-06176', 'JAY MARK ', ' Celis ', 'BAYLON', 'Male', NULL, NULL, 'regular'),
('2012-06297', 'JESSA JHEN ', ' Millete ', 'GALVEZ', 'Female', NULL, NULL, 'regular'),
('2012-06645', 'DAWN ANN ', ' Rotia ', 'RETUMBAN', 'Female', NULL, NULL, 'regular'),
('2012-06661', 'CEDRIC JAY ', ' Manata ', 'BAJAMUNDI', 'Male', NULL, NULL, 'regular'),
('2012-07114', 'GRACE AMMIE ', ' Limpot ', 'ARTANA', 'Female', NULL, NULL, 'regular'),
('2012-07674', 'ARIANNE ', ' Boñales ', 'SAROL', 'Female', NULL, NULL, 'regular'),
('2012-08129', 'GENEVIE ', ' Siguenza ', 'GALANG', 'Female', NULL, NULL, 'regular'),
('2012-08158', 'FRANCESCA ', ' Molina ', 'ADILLE', 'Female', NULL, NULL, 'regular'),
('2012-08160', 'JESSICA INA ', ' . ', 'TUBIANOSA', 'Female', NULL, NULL, 'regular'),
('2012-08215', 'LAURENCE ', ' Lopera ', 'ALAMO', 'Male', NULL, NULL, 'regular'),
('2012-08293', 'DINA ', ' Marcaida ', 'FAJARDO', 'Female', NULL, NULL, 'regular'),
('2012-08389', 'CYRENE JOYCE ', ' Broqueza ', 'CESTINA', 'Female', NULL, NULL, 'regular'),
('2012-08420', 'PINKY ', ' Loteriña ', 'MENDIVIL', 'Female', NULL, NULL, 'regular'),
('2012-08423', 'GISELLE ANN ', ' Collantes ', 'MARAÑA', 'Female', NULL, NULL, 'regular'),
('2012-08485', 'MARK FRANCIS ', ' Lunas ', 'AGUARINO', 'Male', NULL, NULL, 'regular'),
('2012-08543', 'MARY ANN ', ' Oyardo ', 'LLANA', 'Female', NULL, NULL, 'regular'),
('2012-08795', 'JEFF ', ' Deplomo ', 'ORENCIA', 'Male', NULL, NULL, 'regular'),
('2012-08867', 'JESUS ', ' ', 'ABORDO', 'Male', NULL, NULL, 'regular'),
('2012-08872', 'JOENNIFER ', ' Loquinario ', 'BACUDIO', 'Male', NULL, NULL, 'regular'),
('2012-08884', 'MARICAR ', ' Springael ', 'ARINGO', 'Female', NULL, NULL, 'regular'),
('2012-08885', 'JANN MARIE ', ' Arogante ', 'CABUG', 'Female', NULL, NULL, 'regular'),
('2012-08958', 'SHEENA MAE ', ' Toledo ', 'MEDIARIO', 'Female', NULL, NULL, 'regular'),
('2012-08972', 'SICHUAN EDWARD ', ' Saquido ', 'RAYCO', 'Male', NULL, NULL, 'regular'),
('2012-08988', 'BEATRIZ ', ' Bequio ', 'GALSIM', 'Female', NULL, NULL, 'regular'),
('2012-09043', 'MELISSA ', ' Mirabete ', 'MELITANTE', 'Female', NULL, NULL, 'regular'),
('2012-09125', 'DENISE ', ' Mirafuentes ', 'PLACIDES', 'Female', NULL, NULL, 'regular'),
('2012-09244', 'SHARMINE ', ' Colot ', 'GALVE', 'Female', NULL, NULL, 'regular'),
('2012-09269', 'PINKY ', ' Lita ', 'DELFINA', 'Female', NULL, NULL, 'regular'),
('2012-09294', 'CARLA ', ' Tibayan ', 'RABE', 'Female', NULL, NULL, 'regular'),
('2012-09389', 'JANINE ', ' Belludo ', 'ROGANDO', 'Female', NULL, NULL, 'regular'),
('2012-09503', 'HEZILYN ', ' Bonsa ', 'PEÑA', 'Female', NULL, NULL, 'regular'),
('2012-09533', 'QUINEVER ', ' Jazmin ', 'PURA', 'Female', NULL, NULL, 'regular'),
('2012-09549', 'CRISTOPHER ', ' Nuyte ', 'LITA', 'Male', NULL, NULL, 'regular'),
('2012-09673', 'AIVY ', ' Lucentales ', 'NAZ', 'Female', NULL, NULL, 'regular'),
('2012-09702', 'ROMMEL ', ' Cadag ', 'ALMAZAR', 'Male', NULL, NULL, 'regular'),
('2012-10212', 'MARIA MONICA ', ' Lolo ', 'MARILLA', 'Female', NULL, NULL, 'regular'),
('2012-10220', 'KIM ', ' Rosantina ', 'BALAGUER', 'Male', NULL, NULL, 'regular'),
('2012-10445', 'KENT ANDREW ', ' Bongalos ', 'LLAMSON', 'Male', NULL, NULL, 'regular'),
('2012-10697', 'APRIL MARIE ', ' Cajes ', 'ASIADO', 'Female', NULL, NULL, 'regular'),
('2012-11125', 'MARILOU ', ' Saunar ', 'SERRANO', 'Female', NULL, NULL, 'regular'),
('2012-11319', 'MARIE ANGELIE ', ' Litan ', 'PARAISO', 'Female', NULL, NULL, 'regular'),
('2012-11405', 'JOANNAH ', ' Cantoria ', 'ARGOTE', 'Female', NULL, NULL, 'regular'),
('2012-11591', 'ADELBERT ', ' Basmayor ', 'PALMA', 'Male', NULL, NULL, 'regular'),
('2012-11603', 'ALVIN ', ' Babasa ', 'ESQUIVEL', 'Male', NULL, NULL, 'regular'),
('2012-11657', 'FRANCIA ', ' MA. Cañas ', 'CLEOFAS', 'Female', NULL, NULL, 'regular'),
('2012-11982', 'SARAH JANE ', ' Maido ', 'DAZ', 'Female', NULL, NULL, 'regular'),
('2012-12015', 'MARK STEVEN ', ' Haboc ', 'LUBER', 'Male', NULL, NULL, 'regular'),
('2012-12106', 'LAILANE ', ' Selleza ', 'ESPARTINEZ', 'Female', NULL, NULL, 'regular'),
('2012-12114', 'JESSLYN ', ' Bermejo ', 'MALTO', 'Female', NULL, NULL, 'regular'),
('2012-12233', 'REYGEL ', ' Neo ', 'ESTRELLA', 'Male', NULL, NULL, 'regular'),
('2012-12280', 'HAZEL ', ' Monforte ', 'ANDES', 'Female', NULL, NULL, 'regular'),
('2012-12661', 'ANGELICA ', ' Catulay ', 'MILLAR', 'Female', NULL, NULL, 'regular'),
('2012-12815', 'ACE RALPH ', ' Osea ', 'DE RAMOS', 'Male', NULL, NULL, 'regular'),
('2012-12848', 'ROMNICK ', ' Buban ', 'BELEN', 'Male', NULL, NULL, 'regular'),
('2012-12897', 'CHRISTIAN BRYAN ', ' Bandagosa ', 'ALFONSO', 'Male', NULL, NULL, 'regular'),
('2012-13089', 'DIANE ', ' Aquino ', 'LUCENA', 'Female', NULL, NULL, 'regular'),
('2012-13102', 'GRACE ', ' Lustiano ', 'ESPAÑO', 'Female', NULL, NULL, 'regular'),
('2012-19928', '', ' Rachel Bacay ', 'POLBORIDO', 'Female', NULL, NULL, 'regular'),
('2013-00207', 'ARLIE ', ' Corral ', 'ADRA', 'Female', NULL, NULL, 'regular'),
('2013-00229', 'MARY CLARE ', ' Knox ', 'AGAPAY', 'Female', NULL, NULL, 'regular'),
('2013-00328', 'MICHAEL ANDREW ', ' Salva ', 'ALABASTRO', 'Male', NULL, NULL, 'regular'),
('2013-00334', 'ROWIELYN ', ' Panuelos ', 'ALAMARES', 'Female', NULL, NULL, 'regular'),
('2013-00408', 'LEA ERICA ', ' Manlapaz ', 'ALCAO', 'Female', NULL, NULL, 'regular'),
('2013-00674', 'MARICAL ', ' Barrun ', 'AÑONUEVO', 'Female', NULL, NULL, 'regular'),
('2013-00686', 'JHUCEL ANN ', ' Mendaro ', 'AÑONUEVO', 'Female', NULL, NULL, 'regular'),
('2013-00886', 'CHRISTIAN ', ' Abiño ', 'AREVALO', 'Male', NULL, NULL, 'regular'),
('2013-00956', 'RACHEL ', ' Belleza ', 'ARIÑO', 'Female', NULL, NULL, 'regular'),
('2013-00966', 'MARK CHRISTIAN ', ' Valdellon ', 'ARIOLA', 'Male', NULL, NULL, 'regular'),
('2013-01072', 'ROCHE ', ' Aycardo ', 'ASIADO', 'Female', NULL, NULL, 'regular'),
('2013-01139', 'KHYRSHA JULIENNE ', ' Loleng ', 'ATOS', 'Female', NULL, NULL, 'regular'),
('2013-01219', 'ALFRED ', ' Ocba ', 'AYDALLA', 'Male', NULL, NULL, 'regular'),
('2013-01273', 'LOUIE ', ' Caballas ', 'AZUPARDO', 'Male', NULL, NULL, 'regular'),
('2013-01334', 'AARON PAUL ', ' Serrano ', 'BAHILLO', 'Male', NULL, NULL, 'regular'),
('2013-01375', 'RENIEL ', ' Bercasio ', 'BALANE', 'Male', NULL, NULL, 'regular'),
('2013-01429', 'PAULINE GRACE ', ' Ayala ', 'BALDE', 'Female', NULL, NULL, 'regular'),
('2013-01439', 'DESIREE ', ' Geronimo ', 'BALDERAMA', 'Female', NULL, NULL, 'regular'),
('2013-01478', 'AUGUSTO CARLO ', ' Rosales ', 'BALEDA', 'Male', NULL, NULL, 'regular'),
('2013-01609', 'ANELYN ', ' Baraquiel ', 'BAÑAL', 'Female', NULL, NULL, 'regular'),
('2013-01692', 'CHRISTINE JOY ', ' Sabaulan ', 'BAQUISAL', 'Female', NULL, NULL, 'regular'),
('2013-01711', 'JO ALBERT ', ' Balane ', 'BARASONA', 'Male', NULL, NULL, 'regular'),
('2013-01778', 'RYZSHA ', ' Ruga ', 'BARGO', 'Female', NULL, NULL, 'regular'),
('2013-01784', 'JOSE ', ' JR. Beriso ', 'BARIA', 'Male', NULL, NULL, 'regular'),
('2013-01828', 'EDELYN ', ' Ariola ', 'BARRA', 'Female', NULL, NULL, 'regular'),
('2013-01963', 'DEMIE GRACE ', ' Bechaida ', 'BATALLER', 'Female', NULL, NULL, 'regular'),
('2013-02123', 'ROMMEL ', ' Belen ', 'BELGICA', 'Male', NULL, NULL, 'regular'),
('2013-02250', 'CIPRIANO II ', ' Palisoc ', 'BEO', 'Male', NULL, NULL, 'regular'),
('2013-02309', 'ANGELIKA ', ' Anda ', 'BERMEJO', 'Female', NULL, NULL, 'regular'),
('2013-02362', 'JIEZEL ', ' Bejo ', 'BERSABE', 'Female', NULL, NULL, 'regular'),
('2013-02483', 'JONAH ', ' Vista ', 'BINAYA', 'Female', NULL, NULL, 'regular'),
('2013-02525', 'LUVELLE FRANCIS ', ' Centeno ', 'BITARA', 'Female', NULL, NULL, 'regular'),
('2013-02641', 'CHARINA ', ' . ', 'BOLO', 'Female', NULL, NULL, 'regular'),
('2013-02663', 'RONAN ANGELO ', ' Servan ', 'BON', 'Male', NULL, NULL, 'regular'),
('2013-02718', 'JHENELLE ', ' Peña ', 'BONDAL', 'Female', NULL, NULL, 'regular'),
('2013-02880', 'XENA ZAIRA ', ' Bajaro ', 'BORRAS', 'Female', NULL, NULL, 'regular'),
('2013-02974', 'JAYBOY ', ' Abinion ', 'BRIONES', 'Male', NULL, NULL, 'regular'),
('2013-03106', 'ELLYZZA ', ' Medallon ', 'BUEMIA', 'Female', NULL, NULL, 'regular'),
('2013-03352', 'JOYCE ANN ', ' Lovedorial ', 'CALLA', 'Female', NULL, NULL, 'regular'),
('2013-03357', 'JOHN BRYAN ', ' Rabe ', 'CALLEJA', 'Male', NULL, NULL, 'regular'),
('2013-03387', 'JOVALINE ', ' Neptuno ', 'CAMACHO', 'Female', NULL, NULL, 'regular'),
('2013-03734', 'MARY JOY ', ' Regencia ', 'CASULOCAN', 'Female', NULL, NULL, 'regular'),
('2013-03762', 'JEAN BERNADETTE ', ' Cargullo ', 'CEDEÑO', 'Female', NULL, NULL, 'regular'),
('2013-03941', 'MARTIN GEORGE ', ' Casitas ', 'CO', 'Male', NULL, NULL, 'regular'),
('2013-04062', 'JERALD ', ' Azores ', 'CORNAL', 'Male', NULL, NULL, 'regular'),
('2013-04115', 'KARL ALLEN ', ' Briosa ', 'CRUZ', 'Male', NULL, NULL, 'regular'),
('2013-04126', 'KIM AIRA ', ' Encinares ', 'CUA', 'Female', NULL, NULL, 'regular'),
('2013-04313', 'MICKAEL KEITH ', ' Lista ', 'DE CASTRO', 'Male', NULL, NULL, 'regular'),
('2013-04426', 'JOHD ', ' Bolaños ', 'DECLARADOR', 'Male', NULL, NULL, 'regular'),
('2013-04465', 'PAOLO ', ' Toledo ', 'DEL ROSARIO', 'Male', NULL, NULL, 'regular'),
('2013-04503', 'PAULA MAE ', ' Salvidar ', 'DELA ROSA', 'Female', NULL, NULL, 'regular'),
('2013-04565', 'JULIUS CEASAR ', ' Catorce ', 'DEOCAREZA', 'Male', NULL, NULL, 'regular'),
('2013-04690', 'LEONILA JELSY ', ' Datu ', 'DIONEDA', 'Female', NULL, NULL, 'regular'),
('2013-05232', 'JOENEL ', ' Escopete ', 'ESPINOLA', 'Male', NULL, NULL, 'regular'),
('2013-05323', 'OSCAR MARI JOHN ', ' Agustin ', 'ESTILLER', 'Male', NULL, NULL, 'regular'),
('2013-05372', 'CLAIRE PATRICE ', ' Santiago ', 'EUGENIO', 'Female', NULL, NULL, 'regular'),
('2013-05451', 'JASON DAVID ', ' Luya ', 'FERNANDEZ', 'Male', NULL, NULL, 'regular'),
('2013-05587', 'KEITH ', ' Cos ', 'FRANCISCO', 'Female', NULL, NULL, 'regular'),
('2013-05623', 'LESTER ', ' Boy ', 'FUENSALIDA', 'Male', NULL, NULL, 'regular'),
('2013-05690', 'HIER ', ' ', 'GABION', 'Male', NULL, NULL, 'regular'),
('2013-05744', 'AUBREY ROSE ', ' MA. Recierdo ', 'GALIDO', 'Female', NULL, NULL, 'regular'),
('2013-05765', 'RASTIE ', ' Gili ', 'GALVE', 'Male', NULL, NULL, 'regular'),
('2013-05775', 'ELISA LORRAINE ', ' Barrameda ', 'GAN', 'Female', NULL, NULL, 'regular'),
('2013-05806', 'EDWARD ', ' NIÑO Peñares ', 'GARCIA', 'Male', NULL, NULL, 'regular'),
('2013-05809', 'JAN PATRICK ', ' Dominguez ', 'GARCIA', 'Male', NULL, NULL, 'regular'),
('2013-05845', 'DREXLER ', ' Gallon ', 'GARRA', 'Male', NULL, NULL, 'regular'),
('2013-05936', 'ALYSSA MAE ', ' Gira ', 'GIVERA', 'Female', NULL, NULL, 'regular'),
('2013-06003', 'JHOANA BELLE ANGELA ', ' Rasco ', 'GONZALES', 'Female', NULL, NULL, 'regular'),
('2013-06054', 'FRANCES MAE ', ' Benzon ', 'GREFAL', 'Female', NULL, NULL, 'regular'),
('2013-06114', 'FARRAH MAE ', ' Reyes ', 'GUINTO', 'Female', NULL, NULL, 'regular'),
('2013-06204', 'SHYRA MAE ', ' Loveres ', 'HERMOGENO', 'Female', NULL, NULL, 'regular'),
('2013-06234', 'ANGELICA ', ' Datu ', 'HICAP', 'Female', NULL, NULL, 'regular'),
('2013-06246', 'BERNARD ', ' Quinzon ', 'HISTORILLO', 'Male', NULL, NULL, 'regular'),
('2013-06304', 'LOUISE KAILA ', ' Masbate ', 'IDANIOL', 'Female', NULL, NULL, 'regular'),
('2013-06360', 'JOHN CARLO ', ' Cahapay ', 'JACINTO', 'Male', NULL, NULL, 'regular'),
('2013-06386', 'JOSHUA ', ' Elli ', 'JADIE', 'Male', NULL, NULL, 'regular'),
('2013-06397', 'CIELO ', ' De Ocampo ', 'JANER', 'Female', NULL, NULL, 'regular'),
('2013-06411', 'CARL CHRISTIAN ', ' Cambusa ', 'JARCIA', 'Male', NULL, NULL, 'regular'),
('2013-06412', 'MARY ELAINE ', ' Yabut ', 'JARCIA', 'Female', NULL, NULL, 'regular'),
('2013-06597', 'YVONNE ', ' Nuyda ', 'LANDICHO', 'Female', NULL, NULL, 'regular'),
('2013-06658', 'JOHANNE ', ' Sabanal ', 'LAURENCIO', 'Male', NULL, NULL, 'regular'),
('2013-06771', 'CHARLES KENNETH ', ' Dela Rama ', 'LIM', 'Male', NULL, NULL, 'regular'),
('2013-06963', 'JOHN MICHAEL ', ' Napao ', 'LLENO', 'Male', NULL, NULL, 'regular'),
('2013-07040', 'ROWENA ', ' Recaña ', 'LOGRONIO', 'Female', NULL, NULL, 'regular'),
('2013-07457', 'JOMAR ', ' Malab ', 'MADAWAC', 'Male', NULL, NULL, 'regular'),
('2013-07686', 'ALEKZANDREI ', ' Pacres ', 'MANDAC', 'Male', NULL, NULL, 'regular'),
('2013-07781', 'KEAN KARLO ', ' Masbate ', 'MAPA', 'Male', NULL, NULL, 'regular'),
('2013-07892', 'RANMAR MARCO ', ' Asiado ', 'MARCO', 'Male', NULL, NULL, 'regular'),
('2013-07977', 'CHIARA MAE ', ' Ombao ', 'MARTINEZ', 'Female', NULL, NULL, 'regular'),
('2013-08098', 'VALERIE ANN ', ' Morada ', 'MEJILLANO', 'Female', NULL, NULL, 'regular'),
('2013-08196', 'RICARDO ', ' JR. Homo ', 'MENDOZA', 'Male', NULL, NULL, 'regular'),
('2013-08358', 'CARLO MAGNO ', ' Hagos ', 'MIRAFLOR', 'Male', NULL, NULL, 'regular'),
('2013-08408', 'JOYCE ', ' Monsalve ', 'MIRANDILLA', 'Female', NULL, NULL, 'regular'),
('2013-08491', 'MARY PAULINE ', ' Cabailo ', 'MONFORTE', 'Female', NULL, NULL, 'regular'),
('2013-08591', 'RIZZA MAE ', ' Aringo ', 'MORAL', 'Female', NULL, NULL, 'regular'),
('2013-08620', 'RIZZA ANNE ', ' MA. Destajo ', 'MORANO', 'Female', NULL, NULL, 'regular'),
('2013-08654', 'RHOUANE BENN ', ' Llasos ', 'MORELOS', 'Female', NULL, NULL, 'regular'),
('2013-08688', 'RALPH JOSEPH ', ' Mediavillo ', 'MORTEGA', 'Male', NULL, NULL, 'regular'),
('2013-08774', 'JESSA ', ' Lopez ', 'NACIDO', 'Female', NULL, NULL, 'regular'),
('2013-08888', 'DIANNE FAE ', '  Ariola ', 'NATO', 'Female', NULL, NULL, 'regular'),
('2013-08927', 'DANICA ', ' Osiana ', 'NAVIDA', 'Female', NULL, NULL, 'regular'),
('2013-08949', 'JOHN JOSEPH ', ' Balang ', 'NAZARREA', 'Male', NULL, NULL, 'regular'),
('2013-08984', 'ACE ', ' Napolis ', 'NERBES', 'Male', NULL, NULL, 'regular'),
('2013-09038', 'RHEA IVY ', ' Muyna ', 'NIMO', 'Female', NULL, NULL, 'regular'),
('2013-09186', 'IAN DANDEE ', ' Baraquiel ', 'NUQUI', 'Male', NULL, NULL, 'regular'),
('2013-09295', 'MARICAR ', ' Merin ', 'OJANO', 'Female', NULL, NULL, 'regular'),
('2013-09309', 'PRINCESS ', ' Laranjo ', 'OLAGUERA', 'Female', NULL, NULL, 'regular'),
('2013-09412', 'SHERMAINE ', ' Collantes ', 'ONRUBIA', 'Female', NULL, NULL, 'regular'),
('2013-09452', 'MERCY ', ' Pandaan ', 'ORBILLO', 'Female', NULL, NULL, 'regular'),
('2013-09475', 'ROANNE MARIE ', ' Ayala ', 'ORENDAIN', 'Female', NULL, NULL, 'regular'),
('2013-09478', 'CHRISTIAN ', ' Bañadera ', 'ORGELA', 'Male', NULL, NULL, 'regular'),
('2013-09587', 'MAYA ', ' Dela Cruz ', 'PABLEO', 'Female', NULL, NULL, 'regular'),
('2013-09657', 'ROSE ANJANETTE ', ' Sambajon ', 'PALABRICA', 'Female', NULL, NULL, 'regular'),
('2013-09969', 'JOHN PAUL ALBERT ', ' Hapal ', 'PEREZ', 'Male', NULL, NULL, 'regular'),
('2013-09984', 'THERESE ANNE ', ' Dionela ', 'PEREZ', 'Female', NULL, NULL, 'regular'),
('2013-10042', 'CHRISTINE MARSHA ', ' Mendoza ', 'PIOJO', 'Female', NULL, NULL, 'regular'),
('2013-10130', 'JANNAH ', ' Desalisa ', 'PRIMO', 'Female', NULL, NULL, 'regular'),
('2013-10234', 'WILLIARD JOSHUA ', ' Sabio ', 'RABUSA', 'Male', NULL, NULL, 'regular'),
('2013-10339', 'CHESKA JOY ', ' Mendaros ', 'RAÑOSA', 'Female', NULL, NULL, 'irregular'),
('2013-10345', 'CHARINA MAE ', ' Gratil ', 'RAPI', 'Female', NULL, NULL, 'regular'),
('2013-10356', 'JAN EARL ', ' Osma ', 'RAS', 'Male', NULL, NULL, 'regular'),
('2013-10440', 'FRANCIS JAY ', ' Nuñez ', 'REDRINO', 'Male', NULL, NULL, 'regular'),
('2013-10476', 'LORAINE ANDREA ', ' Oxales ', 'REGONDOLA', 'Female', NULL, NULL, 'regular'),
('2013-10513', 'JAMES PATRICK ', ' Porlaje ', 'REMENDADO', 'Male', NULL, NULL, 'regular'),
('2013-10606', 'AZZIL ANNE ', ' Legaspi ', 'REVIDAD', 'Female', NULL, NULL, 'regular'),
('2013-10669', 'LESLIE ', ' Llorando ', 'RICARTE', 'Female', NULL, NULL, 'regular'),
('2013-10679', 'MICAH GRACE ', ' Jalandoni ', 'RICO', 'Female', NULL, NULL, 'regular'),
('2013-10905', 'DOREENDA ', ' Arellano ', 'SABAO', 'Female', NULL, NULL, 'regular'),
('2013-11242', 'BEATRIZ KAYE ', ' Delas Alas ', 'SATIADA', 'Female', NULL, NULL, 'regular'),
('2013-11319', 'JP REMAR ', ' Alita ', 'SERRANO', 'Male', NULL, NULL, 'regular'),
('2013-11325', 'MARVIN JAKE ', ' Imperial ', 'SERRANO', 'Male', NULL, NULL, 'regular'),
('2013-11396', 'HANNA GRACE ', ' Botin ', 'CIOCO', 'Female', NULL, NULL, 'regular'),
('2013-11490', 'WEA MARIE ', ' Esguerra ', 'SUMAGUE', 'Female', NULL, NULL, 'regular'),
('2013-11647', 'MARY ROSS ', ' Bermeo ', 'TINIO', 'Female', NULL, NULL, 'regular'),
('2013-11661', 'DONNA CATHE ', ' Rosin ', 'TOLEDO', 'Female', NULL, NULL, 'regular'),
('2013-11764', 'CAMILLE JANNA ', ' Espineda ', 'TUASON', 'Female', NULL, NULL, 'regular'),
('2013-11944', 'JHON YVANNE ', ' Malagueño ', 'VENTURA', 'Male', NULL, NULL, 'regular'),
('2013-12151', 'SHINZI ', ' Sarza ', 'YOSHIDA', 'Male', NULL, NULL, 'regular'),
('2013-12173', 'KRISTIAN ', ' Nuyles ', 'ZANTUA', 'Male', NULL, NULL, 'regular'),
('2014-012402', 'EMMA ', ' Anzano ', 'ABELLANO', 'Female', NULL, NULL, 'regular'),
('2014-012541', 'JECA ', ' Bañadera ', 'ADORNADO', 'Female', NULL, NULL, 'regular'),
('2014-012615', 'ELIZA ', ' Mirafuentes ', 'AGUILAR', 'Female', NULL, NULL, 'regular'),
('2014-012730', 'DOMINIQUE NICOLE ', ' Dimayuga ', 'ALCALA', 'Female', NULL, NULL, 'regular'),
('2014-012769', 'STEVEN JOHN ', ' Estipona ', 'ALCERA', 'Male', NULL, NULL, 'regular'),
('2014-012808', 'RANIEL KIM ', ' Macasinag ', 'ALFARO', 'Male', NULL, NULL, 'regular'),
('2014-012880', 'FAMELA ', ' Morcilla ', 'ALMOJUELA', 'Female', NULL, NULL, 'regular'),
('2014-012920', 'MARIA ESTEPHANI ', ' Herrera ', 'ALVARADO', 'Female', NULL, NULL, 'regular'),
('2014-013001', 'MARY FE ', ' Zamar ', 'ANDES', 'Female', NULL, NULL, 'regular'),
('2014-013283', 'MA CENA ', ' . ', 'AREVALO', 'Female', NULL, NULL, 'regular'),
('2014-013314', 'CHRISTINE ', ' Loreno ', 'ARIETA', 'Female', NULL, NULL, 'regular'),
('2014-013331', 'JOLLIE GRACE ', ' Sarga ', 'ARIMBAY', 'Female', NULL, NULL, 'regular'),
('2014-013775', 'NIKKI JOY ', ' Gomez ', 'BALANG', 'Female', NULL, NULL, 'regular'),
('2014-013832', 'EDGAR ALAN ', ' Balaguer ', 'BALDERAMA', 'Male', NULL, NULL, 'regular'),
('2014-013895', 'FORTUNATO SAM ', ' Camacho ', 'BALINDAN', 'Male', NULL, NULL, 'regular'),
('2014-014040', 'JAN PATRICK ', ' Lucilo ', 'BAÑARES', 'Male', NULL, NULL, 'regular'),
('2014-014217', 'JAN PAOLO ', ' Eugenio ', 'BARIA', 'Male', NULL, NULL, 'regular'),
('2014-014278', 'VANESSA ', ' Bas ', 'BARRA', 'Female', NULL, NULL, 'regular'),
('2014-014289', 'JANIS KIRSTEN ', ' Manilag ', 'BARRAMEDA', 'Female', NULL, NULL, 'regular'),
('2014-014445', 'VINCE CHRISTOPER ', ' Rellama ', 'BATALLER', 'Male', NULL, NULL, 'regular'),
('2014-014524', 'BRYAN PHILIP ', ' Jamoralin ', 'BEJERANO', 'Male', NULL, NULL, 'regular'),
('2014-014575', 'SHANE MAE ', ' Armero ', 'BELEN', 'Female', NULL, NULL, 'regular'),
('2014-014592', 'AXEL ROY ', ' Bellen ', 'BELGADO', 'Male', NULL, NULL, 'regular'),
('2014-014724', 'JOAN JOY ', ' Peninoy ', 'BERCASIO', 'Female', NULL, NULL, 'regular'),
('2014-014767', 'ANGELICA JANE ', ' Lita ', 'BERLON', 'Female', NULL, NULL, 'regular'),
('2014-014780', 'MARC LENNARD ', ' . ', 'BERMAS', 'Male', NULL, NULL, 'regular'),
('2014-014825', 'MYRENE ', ' Apodaca ', 'BERNALDEZ', 'Female', NULL, NULL, 'regular'),
('2014-014895', 'CAROLINE ', ' Mago ', 'BICALDO', 'Female', NULL, NULL, 'regular'),
('2014-014909', 'PATRICK GABRIEL ', ' Coronel ', 'BIEN', 'Male', NULL, NULL, 'regular'),
('2014-014932', 'IAN CEASAR ', ' Baluso ', 'BIGUERAS', 'Male', NULL, NULL, 'regular'),
('2014-014972', 'JAKE ', ' Biñas ', 'BINLAYO', 'Male', NULL, NULL, 'regular'),
('2014-015243', 'HERWYN ', ' Lita ', 'BONGAT', 'Male', NULL, NULL, 'regular'),
('2014-015272', 'JIREH ', ' Cruz ', 'BONO', 'Female', NULL, NULL, 'regular'),
('2014-015280', 'VANESSA MAE ', ' Reduta ', 'BONTIGAO', 'Female', NULL, NULL, 'regular'),
('2014-015299', 'JEANNE DIANE ', ' Villegas ', 'BORABO', 'Female', NULL, NULL, 'regular'),
('2014-015308', 'MARK ANGELO ', ' Bañares ', 'BORAL', 'Male', NULL, NULL, 'regular'),
('2014-015348', 'FRANCIS XAVIER ', ' Nieves ', 'BORJA', 'Male', NULL, NULL, 'regular'),
('2014-015456', 'DAVID EARL ', ' Alcantara ', 'BRAGA', 'Male', NULL, NULL, 'regular'),
('2014-015517', 'ELLA MARIE ANDREA ', ' Abaleta ', 'BRIONES', 'Female', NULL, NULL, 'regular'),
('2014-015916', 'BERGIE ', ' Morco ', 'CAHAGNA-AN', 'Female', NULL, NULL, 'regular'),
('2014-015999', 'NICOLE ', ' Luarca ', 'CAMARA', 'Female', NULL, NULL, 'regular'),
('2014-016091', 'TIMOTHY ', ' Espedido ', 'CAÑETE', 'Male', NULL, NULL, 'regular'),
('2014-016104', 'SHARLYN ', ' Cañeba ', 'CAÑO', 'Female', NULL, NULL, 'regular'),
('2014-016192', 'JANICE ', ' Mayor ', 'CARDEL', 'Female', NULL, NULL, 'regular'),
('2014-016231', 'FRENZIE ', ' Basaysay ', 'CARRERA', 'Female', NULL, NULL, 'regular'),
('2014-016302', 'EFFIE JANE ', ' Guamos ', 'CASTELO', 'Female', NULL, NULL, 'regular'),
('2014-016403', 'ANGELICA ', ' Lustado ', 'CERDEÑA', 'Female', NULL, NULL, 'regular'),
('2014-016408', 'JASPER ', ' Caceres ', 'CERDIÑA', 'Male', NULL, NULL, 'regular'),
('2014-016443', 'DIANA LUZ ', ' Onrubia ', 'CHA', 'Female', NULL, NULL, 'regular'),
('2014-016523', 'KIM ', ' Guevarra ', 'CLEMENTE', 'Male', NULL, NULL, 'regular'),
('2014-016538', 'MAE ', ' Contante ', 'CLUTARIO', 'Female', NULL, NULL, 'regular'),
('2014-016572', 'MCKENZ ', ' Abriol ', 'COLLAMAR', 'Male', NULL, NULL, 'regular'),
('2014-016616', 'QUENNIE LYNN ', ' Brucales ', 'CONDE', 'Female', NULL, NULL, 'regular'),
('2014-016665', 'KIM ANDREA ', ' Sta Rosa ', 'CORDEZ', 'Female', NULL, NULL, 'regular'),
('2014-016682', 'NIKKI ', ' Demesa ', 'CORPORAL', 'Female', NULL, NULL, 'regular'),
('2014-016800', 'GLEZELLE ', ' Cuentas ', 'CUYA', 'Female', NULL, NULL, 'regular'),
('2014-016818', 'ANTHONY ', ' Brosas ', 'DACUYA', 'Male', NULL, NULL, 'regular'),
('2014-016948', 'KARL LYNDON ', ' Lista ', 'DE CASTRO', 'Male', NULL, NULL, 'regular'),
('2014-017050', 'JOHN ARVIN ', ' Escopete ', 'DE VERA', 'Male', NULL, NULL, 'regular'),
('2014-017105', 'KARL ALBERT ', ' Callo ', 'DEL ROSARIO', 'Male', NULL, NULL, 'regular'),
('2014-017257', 'JOBEN ', ' . ', 'DETERA', 'Male', NULL, NULL, 'regular'),
('2014-017354', 'EUNICE ', ' Andes ', 'DIONEDA', 'Female', NULL, NULL, 'regular'),
('2014-017398', 'ARNEL WILLIAM ', ' Abiera ', 'DOBLE', 'Male', NULL, NULL, 'regular'),
('2014-017476', 'REENA LUISA ', ' Gabion ', 'DOMINO', 'Female', NULL, NULL, 'regular'),
('2014-017511', 'MARY MARGARET ', ' Panuelos ', 'DUKA', 'Female', NULL, NULL, 'regular'),
('2014-017520', 'CHRISTOPHER ', ' ', 'DUMALASA', 'Male', NULL, NULL, 'regular'),
('2014-017564', 'BONAMAE ', ' Cada ', 'ECAL', 'Female', NULL, NULL, 'regular'),
('2014-017595', 'JAYCEL ', ' Belen ', 'EJE', 'Female', NULL, NULL, 'regular'),
('2014-017625', 'KAREN ', ' Amoroso ', 'EMBESTRO', 'Female', NULL, NULL, 'regular'),
('2014-017630', 'VINCENT ', ' Obilla ', 'EMBUDO', 'Male', NULL, NULL, 'regular'),
('2014-017652', 'AINSLEY MARIELLE ', ' Belen ', 'ENCABO', 'Female', NULL, NULL, 'regular'),
('2014-017771', 'ABEGAIL ', ' Ricafrente ', 'ESCARCHA', 'Female', NULL, NULL, 'regular'),
('2014-017819', 'ROBBY ANN ', ' Miranda ', 'ESLAVA', 'Female', NULL, NULL, 'regular'),
('2014-017943', 'JOYCE ANN ', ' Anaban ', 'ESPIRITU', 'Female', NULL, NULL, 'regular'),
('2014-017947', 'PATRICIA NICHOLE ', ' Surban ', 'ESPIRITU', 'Female', NULL, NULL, 'regular'),
('2014-018016', 'GENIVIVE ', ' Entac ', 'ESTINOR', 'Female', NULL, NULL, 'regular'),
('2014-018021', 'JOSHUA NOEL ', ' Lupo ', 'ESTIPONA', 'Male', NULL, NULL, 'regular'),
('2014-018181', 'JHON PAUL ', ' Rodilas ', 'FERNANDEZ', 'Male', NULL, NULL, 'regular'),
('2014-018295', 'IRVIN KARL ', ' Serrano ', 'FORTES', 'Male', NULL, NULL, 'regular'),
('2014-018335', 'JAFIA LIEZEL ', ' Aringo ', 'FRESADO', 'Female', NULL, NULL, 'regular'),
('2014-018417', 'JOHN CARLO ', ' Doctor ', 'GABITO', 'Male', NULL, NULL, 'regular'),
('2014-018472', 'LOISE PHILLINE ', ' Ted ', 'GALLARDO', 'Female', NULL, NULL, 'regular'),
('2014-018508', 'MICHELLE ANGELA ', ' Bajamundi ', 'GAMBOA', 'Female', NULL, NULL, 'regular'),
('2014-018668', 'MARK JOHN ', ' Tapado ', 'GIL', 'Male', NULL, NULL, 'regular'),
('2014-018681', 'JOSEPHUS ', ' Alpajaro ', 'GIMENEZ', 'Male', NULL, NULL, 'regular'),
('2014-018825', 'MARY TIFFANY ', ' Escopete ', 'GREFAL', 'Female', NULL, NULL, 'regular'),
('2014-018870', 'SHAINA ', ' Frando ', 'GUDA', 'Female', NULL, NULL, 'regular'),
('2014-019025', 'MARK HAN ', ' Ecal ', 'HERNANDEZ', 'Male', NULL, NULL, 'regular'),
('2014-019029', 'BRIX ', ' Sorio ', 'HERNANDEZ', 'Male', NULL, NULL, 'regular'),
('2014-019150', 'JOSEPH MARVIN ', ' Regalado ', 'IMPERIAL', 'Male', NULL, NULL, 'regular'),
('2014-019241', 'LINDSAY ', ' Deocareza ', 'JARANILLA', 'Female', NULL, NULL, 'regular'),
('2014-019289', 'CRISTINE MAE ', ' Rafallo ', 'JIMENEZ', 'Female', NULL, NULL, 'regular'),
('2014-019390', 'EMMANUEL ', ' De Castro ', 'LAGUILLES', 'Male', NULL, NULL, 'regular'),
('2014-019456', 'JUDY ANN ', ' Salomon ', 'LATUNA', 'Female', NULL, NULL, 'regular'),
('2014-019461', 'LEA VIL ', ' Bolante ', 'LAUREANO', 'Female', NULL, NULL, 'regular'),
('2014-019523', 'RALPH GLEMOND ', ' Durana ', 'LEGASPI', 'Male', NULL, NULL, 'regular'),
('2014-019559', 'JOYCE MAE ', ' Castro ', 'LETADA', 'Female', NULL, NULL, 'regular'),
('2014-019657', 'MARK CHRISTIAN ', ' Baruelo ', 'LLACER', 'Male', NULL, NULL, 'regular'),
('2014-019674', 'CHRYSTELLE ELLA ', ' Luz ', 'LLAGUNO', 'Female', NULL, NULL, 'regular'),
('2014-019717', 'MARY LOUIELYN ', ' Llander ', 'PELAEZ', 'Female', NULL, NULL, 'regular'),
('2014-019774', 'THERESA ', ' MA. Magracia ', 'LLASOS', 'Female', NULL, NULL, 'regular'),
('2014-019922', 'VANEHSA CLAIRE ', ' Ostria ', 'LONDOÑO', 'Female', NULL, NULL, 'regular'),
('2014-019998', 'ALEXANDRA ', ' Soledad ', 'LOREJO', 'Female', NULL, NULL, 'regular'),
('2014-020110', 'JUDITH ', ' Llona ', 'LOTINO', 'Female', NULL, NULL, 'regular'),
('2014-020283', 'KATHLEEN MONIQUE ', ' Aniñon ', 'MABAO', 'Female', NULL, NULL, 'regular'),
('2014-020295', 'BRYAN ', ' Llanera ', 'MACABUHAY', 'Male', NULL, NULL, 'regular'),
('2014-020342', 'JULIUS ', ' Loma ', 'MACINAS', 'Male', NULL, NULL, 'regular'),
('2014-020444', 'JESSICA ', ' De Vera ', 'MAGAYANES', 'Female', NULL, NULL, 'regular'),
('2014-020502', 'RYAN CHRISTIAN ', ' Ricafort ', 'MAGNO', 'Male', NULL, NULL, 'regular'),
('2014-020511', 'ILLONAH JANE ', ' Delavin ', 'MAGTANGOB', 'Female', NULL, NULL, 'regular'),
('2014-020540', 'JOSHUA ANGELO ', ' Nuñez ', 'MALAIBA', 'Male', NULL, NULL, 'regular'),
('2014-020672', 'WILHELM TED ', ' Olea ', 'MANDAC', 'Male', NULL, NULL, 'regular'),
('2014-020753', 'KISHA BLAIR ', ' Napod ', 'MAÑO', 'Female', NULL, NULL, 'regular'),
('2014-020757', 'CHARLES JOSHUA ', ' Lunas ', 'MANREAL', 'Male', NULL, NULL, 'regular'),
('2014-020853', 'ALVIN ', ' Lodor ', 'MARBELLA', 'Male', NULL, NULL, 'regular'),
('2014-020901', 'BRIAN RAY ', ' Mimay ', 'MARCAYDA', 'Male', NULL, NULL, 'regular'),
('2014-020921', 'JOY ANGIELYN ', ' Abanes ', 'MARCO', 'Female', NULL, NULL, 'regular'),
('2014-020965', 'SHERNEIL ', ' Barela ', 'MARIÑO', 'Male', NULL, NULL, 'regular'),
('2014-021093', 'SHIELA MAE ', ' Orcine ', 'MAZO', 'Female', NULL, NULL, 'regular'),
('2014-021133', 'MATHEW VICTORIO ', ' Payanay ', 'MEJORADA', 'Male', NULL, NULL, 'regular'),
('2014-021324', 'LEANNE MAE ', ' Moyano ', 'MILLARE', 'Female', NULL, NULL, 'regular'),
('2014-021417', 'DIANA ROSE ', ' Vergara ', 'MIRALLES', 'Female', NULL, NULL, 'regular'),
('2014-021440', 'ERICSON ', ' Mirarza ', 'MIRANDA', 'Male', NULL, NULL, 'regular'),
('2014-021483', 'CHRISTIAN ', ' Llorera ', 'MOICO', 'Male', NULL, NULL, 'regular'),
('2014-021513', 'BRIX RYAN ', ' Racines ', 'MOLO', 'Male', NULL, NULL, 'regular'),
('2014-021553', 'ROMNIQUE ', ' Bermas ', 'MONTALES', 'Male', NULL, NULL, 'regular'),
('2014-021569', 'DIANA ', ' Veluz ', 'MONTECASTRO', 'Female', NULL, NULL, 'regular'),
('2014-021715', 'CHRISTIAN ', ' Zapata ', 'MORON', 'Male', NULL, NULL, 'regular'),
('2014-021766', 'MARY RHEA RHOSE ', ' Zapico ', 'MUJAR', 'Female', NULL, NULL, 'regular'),
('2014-021832', 'IVY FERHN ', ' Naje ', 'NACION', 'Female', NULL, NULL, 'regular'),
('2014-021962', 'ADRIAN ', ' Oarde ', 'NAVARRA', 'Male', NULL, NULL, 'regular'),
('2014-021993', 'MARVIN ', ' Dichoso ', 'NAVERA', 'Male', NULL, NULL, 'regular'),
('2014-022007', 'MARIA ANDRALENE ', ' Ramos ', 'NAZ', 'Female', NULL, NULL, 'regular'),
('2014-022107', 'DANICA ', ' Morta ', 'NIEVA', 'Female', NULL, NULL, 'regular'),
('2014-022234', 'GLENIE MARIE ', ' Abellano ', 'NUAL', 'Female', NULL, NULL, 'regular'),
('2014-022363', '', ' JULIE-ANN Ador ', 'OBLIGADO', 'Female', NULL, NULL, 'regular'),
('2014-022490', 'RYUJI ', ' Nahil ', 'OLAYRES', 'Male', NULL, NULL, 'regular'),
('2014-022561', 'IVY ANGELINE ', ' Vargas ', 'OMBAO', 'Female', NULL, NULL, 'regular'),
('2014-022618', 'RUTH ', ' Angustia ', 'OPERIO', 'Female', NULL, NULL, 'regular'),
('2014-022647', 'JAMES CARL ', ' Imperial ', 'ORBASE', 'Male', NULL, NULL, 'regular'),
('2014-022687', 'REDEN ', ' Dizon ', 'ORIOLA', 'Male', NULL, NULL, 'regular'),
('2014-022730', 'JESSA ', ' . ', 'ORTEGA', 'Female', NULL, NULL, 'regular'),
('2014-022770', 'YNA SOPHIA ', ' Bernabe ', 'OSTONAL', 'Female', NULL, NULL, 'regular'),
('2014-022786', 'CHRISTIAN ', ' Tripulca ', 'OYARDO', 'Male', NULL, NULL, 'regular'),
('2014-022794', 'DIANA ', ' Perez ', 'PABLEO', 'Female', NULL, NULL, 'regular'),
('2014-022851', 'JOAN MAY ', ' Bañares ', 'PAGAO', 'Female', NULL, NULL, 'regular'),
('2014-022914', 'JERICO ', ' Panesares ', 'PALMIANO', 'Male', NULL, NULL, 'regular'),
('2014-023017', 'JONIL ', ' Basmayor ', 'PAREL', 'Male', NULL, NULL, 'regular'),
('2014-023488', 'VAL HARRIS ', ' Ancajas ', 'QUIRONA', 'Male', NULL, NULL, 'regular'),
('2014-023749', 'FEVIE GRACE ANN ', ' Valencia ', 'REFEREZA', 'Female', NULL, NULL, 'regular'),
('2014-023859', 'LOVELY MAE ', ' Lisay ', 'REONAL', 'Female', NULL, NULL, 'regular'),
('2014-023903', 'RALP MICHAEL ', ' Ragot ', 'REUSI', 'Male', NULL, NULL, 'regular'),
('2014-023931', 'RAZEL ANN ', ' Romea ', 'REYES', 'Female', NULL, NULL, 'regular'),
('2014-023973', 'ESTEPHANIE ', ' Madriaga ', 'RICO', 'Female', NULL, NULL, 'regular'),
('2014-023993', 'JESSIE JIM ', ' Moran ', 'RIVERA', 'Male', NULL, NULL, 'regular'),
('2014-024066', 'MARS ', ' Cimanes ', 'RODRIGUEZA', 'Female', NULL, NULL, 'regular'),
('2014-024086', 'RENSEL JOHN ', ' Reotan ', 'ROMANO', 'Male', NULL, NULL, 'regular'),
('2014-024148', 'FRANCES LAWRENCE ', ' Lasay ', 'ROSAS', 'Female', NULL, NULL, 'regular'),
('2014-024292', 'MARY JOY ', ' Sola ', 'SAGRADO', 'Female', NULL, NULL, 'regular'),
('2014-024374', 'MYRA ', ' Luber ', 'SALVACION', 'Female', NULL, NULL, 'regular'),
('2014-024392', 'MARK XAVIER ', ' Lotivo ', 'SAMAR', 'Male', NULL, NULL, 'regular'),
('2014-024425', 'KENT MICHAEL ', ' Eleazar ', 'SAN', 'Male', NULL, NULL, 'regular'),
('2014-024508', 'JOHN CARLO ', ' De Luna ', 'SAPITER', 'Male', NULL, NULL, 'regular'),
('2014-024539', 'QUEENIE ANN ', ' Reomalis ', 'SARIO', 'Female', NULL, NULL, 'regular'),
('2014-024734', 'JON CARLO ', ' Faura ', 'SIERRA', 'Male', NULL, NULL, 'regular'),
('2014-024867', 'HARRY ', ' Maravilla ', 'SURUIZ', 'Male', NULL, NULL, 'regular'),
('2014-024893', 'ASTHOR FRANZ ', ' Villaganas ', 'TACURDA', 'Male', NULL, NULL, 'regular'),
('2014-024927', 'GLENN ', ' ', 'TALLADA', 'Male', NULL, NULL, 'regular'),
('2014-024962', 'JULIE ANN ', ' Rey ', 'TANAY', 'Female', NULL, NULL, 'regular'),
('2014-024993', 'LOUIS BRYAN ANGELO ', ' Medina ', 'TEE', 'Male', NULL, NULL, 'regular'),
('2014-025044', 'RENZEL IAN ', ' Arena ', 'TOLEDO', 'Male', NULL, NULL, 'regular'),
('2014-025180', 'JOSHUA ', ' Lopez ', 'TUMOLVA', 'Male', NULL, NULL, 'regular'),
('2014-025491', 'EDGAR ', ' ', 'VILLARAZA', 'Male', NULL, NULL, 'regular'),
('2014-025535', 'MARK DHEN ', ' Madrona ', 'VISTA', 'Male', NULL, NULL, 'regular');

-- --------------------------------------------------------

--
-- Table structure for table `subject_t`
--

CREATE TABLE IF NOT EXISTS `subject_t` (
  `subject_id` int(11) NOT NULL AUTO_INCREMENT,
  `subject_code` varchar(32) NOT NULL,
  `subject_title` varchar(64) DEFAULT NULL,
  `lec_units` float DEFAULT NULL,
  `lab_units` float DEFAULT NULL,
  `units` float DEFAULT NULL,
  PRIMARY KEY (`subject_id`)
) ENGINE=InnoDB  DEFAULT CHARSET=latin1 AUTO_INCREMENT=174 ;

--
-- Dumping data for table `subject_t`
--

INSERT INTO `subject_t` (`subject_id`, `subject_code`, `subject_title`, `lec_units`, `lab_units`, `units`) VALUES
(149, 'CS 11', 'Intro to Computer Science ', 2, 2, 4),
(150, 'ICT 1', 'ICT Fundamentals ', 2, 1, 3),
(151, 'CS 20', 'Web Programming ', 2, 1, 3),
(152, 'CS Elec 1 ', 'Related Learning Experience', 3, 0, 3),
(153, 'CS 29', 'Software Engineering', 3, 0, 3),
(154, 'CS 21', 'Operating Systems ', 2, 1, 3),
(155, 'IT 32', 'Database Management System 2 ', 2, 1, 3),
(156, 'Elec 3', 'Compiler Construction', 3, 1, 4),
(157, 'CS 22', 'Professional Ethics', 3, 1, 4),
(158, 'IT 33', 'System Analysis and Design ', 2, 1, 3),
(159, 'IT 41', 'Practicum/OJT', 9, 0, 9),
(160, 'Elec 4', 'CS Elec 4 (IT Project Management)', 3, 0, 3),
(161, 'CS 21', 'Discrete Structures', 3, 0, 3),
(162, 'Math 19', 'Calculus', 3, 0, 3),
(163, 'CS 14', 'Digital Design ', 2, 1, 3),
(164, 'CS 15', 'Data Structures ', 2, 2, 4),
(165, 'IT 22', 'Switching Theory & Logic Design ', 2, 1, 3),
(166, 'Elec 1', 'Related Learning Experience ', 2, 1, 3),
(167, 'IT 31', 'Operating Systems', 3, 0, 3),
(168, 'IT 21', 'Object Oriented Programming ', 2, 2, 4),
(169, 'CS 16', 'Computer Programming 2 ', 2, 2, 4),
(170, 'CS 1', 'ICT Fundamentals ', 1, 2, 3),
(171, 'CS 28', 'Special Problem 1', 3, 0, 3),
(172, 'IT 38', 'Capstone Project 1 (cost recovery)', 3, 0, 3),
(173, 'FreeElec 2', 'Human Computer Interaction', 3, 0, 3);

-- --------------------------------------------------------

--
-- Table structure for table `unit_t`
--

CREATE TABLE IF NOT EXISTS `unit_t` (
  `unit_id` int(15) NOT NULL AUTO_INCREMENT,
  `unit_name` varchar(255) DEFAULT NULL,
  `unit_abbrev` varchar(30) DEFAULT NULL,
  `type` enum('department','course','college') DEFAULT NULL,
  PRIMARY KEY (`unit_id`)
) ENGINE=InnoDB  DEFAULT CHARSET=latin1 AUTO_INCREMENT=20 ;

--
-- Dumping data for table `unit_t`
--

INSERT INTO `unit_t` (`unit_id`, `unit_name`, `unit_abbrev`, `type`) VALUES
(1, 'Cashier''s Office', '', 'college'),
(2, 'Regional Science Teaching Center', 'RSTC', 'college'),
(3, 'Accounting Office', NULL, 'college'),
(4, 'Information Management Office', 'IMO', 'college'),
(5, 'Supply Office', NULL, 'college'),
(6, 'Cluster II - Budget Office', NULL, 'college'),
(7, 'CS/IT Department', NULL, 'department'),
(8, 'Chemistry Department', NULL, 'department'),
(9, 'Biology Department', NULL, 'department'),
(10, 'Math Department', NULL, 'department'),
(11, 'Physics Department', NULL, 'department'),
(13, 'Circle of Unified Information Technology Students', 'circUITS', 'course'),
(14, 'Computer Society', 'ComSoc', 'course'),
(15, 'Chemical Science Society', 'cheSS', 'course'),
(16, 'Symbiosis', NULL, 'course'),
(17, 'College Student Council', 'CSC', 'college'),
(18, 'Scientia', NULL, 'college'),
(19, 'Registrar''s Office', NULL, 'college');

--
-- Constraints for dumped tables
--

--
-- Constraints for table `accounting_journal_t`
--
ALTER TABLE `accounting_journal_t`
  ADD CONSTRAINT `payment_sem_fk` FOREIGN KEY (`sem_id`) REFERENCES `semester_t` (`sem_id`) ON DELETE CASCADE ON UPDATE CASCADE,
  ADD CONSTRAINT `payment_student_fk` FOREIGN KEY (`student_id`) REFERENCES `student_t` (`student_id`) ON DELETE CASCADE ON UPDATE CASCADE;

--
-- Constraints for table `attachment_t`
--
ALTER TABLE `attachment_t`
  ADD CONSTRAINT `attachment_t_ibfk_1` FOREIGN KEY (`post_id`) REFERENCES `posts_t` (`post_id`) ON DELETE CASCADE ON UPDATE CASCADE;

--
-- Constraints for table `building_t`
--
ALTER TABLE `building_t`
  ADD CONSTRAINT `building_t_ibfk_1` FOREIGN KEY (`campus_id`) REFERENCES `campus_t` (`campus_id`);

--
-- Constraints for table `class_schedule_t`
--
ALTER TABLE `class_schedule_t`
  ADD CONSTRAINT `class_schedule_t_ibfk_1` FOREIGN KEY (`class_id`) REFERENCES `class_t` (`class_id`) ON DELETE CASCADE ON UPDATE CASCADE,
  ADD CONSTRAINT `days_fk_1` FOREIGN KEY (`day`) REFERENCES `days_t` (`day_id`) ON DELETE CASCADE ON UPDATE CASCADE,
  ADD CONSTRAINT `sched_room_fk` FOREIGN KEY (`room_code`) REFERENCES `room_t` (`room_code`) ON DELETE CASCADE ON UPDATE CASCADE;

--
-- Constraints for table `class_t`
--
ALTER TABLE `class_t`
  ADD CONSTRAINT `class_course` FOREIGN KEY (`course_code`) REFERENCES `course_t` (`course_code`) ON DELETE CASCADE ON UPDATE CASCADE,
  ADD CONSTRAINT `class_faculty_fk` FOREIGN KEY (`faculty_id`) REFERENCES `personnel_t` (`personnel_id`) ON DELETE CASCADE ON UPDATE CASCADE,
  ADD CONSTRAINT `class_semester_fk` FOREIGN KEY (`sem_id`) REFERENCES `semester_t` (`sem_id`) ON DELETE CASCADE ON UPDATE CASCADE,
  ADD CONSTRAINT `class_t_ibfk_1` FOREIGN KEY (`subject_id`) REFERENCES `subject_t` (`subject_id`) ON DELETE CASCADE ON UPDATE CASCADE;

--
-- Constraints for table `college_unit_t`
--
ALTER TABLE `college_unit_t`
  ADD CONSTRAINT `college_unit_t_ibfk_1` FOREIGN KEY (`cunit_id`) REFERENCES `unit_t` (`unit_id`) ON DELETE CASCADE ON UPDATE CASCADE,
  ADD CONSTRAINT `college_unit_t_ibfk_2` FOREIGN KEY (`college_code`) REFERENCES `college_t` (`college_code`) ON DELETE CASCADE ON UPDATE CASCADE;

--
-- Constraints for table `course_unit_t`
--
ALTER TABLE `course_unit_t`
  ADD CONSTRAINT `course_unit_t_ibfk_1` FOREIGN KEY (`course_code`) REFERENCES `course_t` (`course_code`) ON DELETE CASCADE ON UPDATE CASCADE,
  ADD CONSTRAINT `course_unit_t_ibfk_2` FOREIGN KEY (`org_id`) REFERENCES `unit_t` (`unit_id`) ON DELETE CASCADE ON UPDATE CASCADE;

--
-- Constraints for table `department_unit_t`
--
ALTER TABLE `department_unit_t`
  ADD CONSTRAINT `department_unit_t_ibfk_1` FOREIGN KEY (`department_id`) REFERENCES `unit_t` (`unit_id`) ON DELETE CASCADE ON UPDATE CASCADE;

--
-- Constraints for table `member_t`
--
ALTER TABLE `member_t`
  ADD CONSTRAINT `member_t_ibfk_4` FOREIGN KEY (`unit_id`) REFERENCES `unit_t` (`unit_id`) ON DELETE CASCADE ON UPDATE CASCADE,
  ADD CONSTRAINT `member_t_ibfk_5` FOREIGN KEY (`position_id`) REFERENCES `position_t` (`position_id`) ON DELETE CASCADE ON UPDATE CASCADE;

--
-- Constraints for table `payments_t`
--
ALTER TABLE `payments_t`
  ADD CONSTRAINT `payments_t_ibfk_1` FOREIGN KEY (`sem_id`) REFERENCES `semester_t` (`sem_id`) ON DELETE CASCADE ON UPDATE CASCADE,
  ADD CONSTRAINT `payments_t_ibfk_2` FOREIGN KEY (`course_code`) REFERENCES `course_t` (`course_code`) ON DELETE CASCADE ON UPDATE CASCADE;

--
-- Constraints for table `personnel_members_t`
--
ALTER TABLE `personnel_members_t`
  ADD CONSTRAINT `personnel_members_t_ibfk_1` FOREIGN KEY (`account_no`) REFERENCES `account_t` (`account_no`) ON DELETE CASCADE ON UPDATE CASCADE,
  ADD CONSTRAINT `personnel_members_t_ibfk_2` FOREIGN KEY (`personnel_id`) REFERENCES `personnel_t` (`personnel_id`) ON DELETE CASCADE ON UPDATE CASCADE,
  ADD CONSTRAINT `personnel_members_t_ibfk_3` FOREIGN KEY (`member_id`) REFERENCES `member_t` (`member_id`) ON DELETE CASCADE ON UPDATE CASCADE;

--
-- Constraints for table `position_t`
--
ALTER TABLE `position_t`
  ADD CONSTRAINT `position_t_ibfk_1` FOREIGN KEY (`unit_id`) REFERENCES `unit_t` (`unit_id`) ON DELETE CASCADE ON UPDATE CASCADE;

--
-- Constraints for table `posts_t`
--
ALTER TABLE `posts_t`
  ADD CONSTRAINT `posts_t_ibfk_1` FOREIGN KEY (`account_no`) REFERENCES `account_t` (`account_no`) ON DELETE CASCADE ON UPDATE CASCADE;

--
-- Constraints for table `post_events_t`
--
ALTER TABLE `post_events_t`
  ADD CONSTRAINT `post_events_t_ibfk_1` FOREIGN KEY (`event_id`) REFERENCES `posts_t` (`post_id`) ON DELETE CASCADE ON UPDATE CASCADE;

--
-- Constraints for table `post_messages_t`
--
ALTER TABLE `post_messages_t`
  ADD CONSTRAINT `post_messages_t_ibfk_1` FOREIGN KEY (`message_id`) REFERENCES `posts_t` (`post_id`) ON DELETE CASCADE ON UPDATE CASCADE;

--
-- Constraints for table `room_t`
--
ALTER TABLE `room_t`
  ADD CONSTRAINT `room_building_fk` FOREIGN KEY (`building_code`) REFERENCES `building_t` (`building_code`) ON DELETE CASCADE ON UPDATE CASCADE;

--
-- Constraints for table `semester_t`
--
ALTER TABLE `semester_t`
  ADD CONSTRAINT `semester_t_ibfk_1` FOREIGN KEY (`ay_no`) REFERENCES `academic_year_t` (`ay_id`) ON DELETE CASCADE ON UPDATE CASCADE;

--
-- Constraints for table `service_t`
--
ALTER TABLE `service_t`
  ADD CONSTRAINT `service_t_ibfk_1` FOREIGN KEY (`unit_id`) REFERENCES `unit_t` (`unit_id`) ON DELETE CASCADE ON UPDATE CASCADE;

--
-- Constraints for table `student_block_t`
--
ALTER TABLE `student_block_t`
  ADD CONSTRAINT `block_course_fk` FOREIGN KEY (`course_code`) REFERENCES `course_t` (`course_code`) ON DELETE CASCADE ON UPDATE CASCADE,
  ADD CONSTRAINT `block_sem_fk` FOREIGN KEY (`sem_id`) REFERENCES `semester_t` (`sem_id`) ON DELETE CASCADE ON UPDATE CASCADE;

--
-- Constraints for table `student_grade_t`
--
ALTER TABLE `student_grade_t`
  ADD CONSTRAINT `student_grade_t_ibfk_2` FOREIGN KEY (`load_id`) REFERENCES `student_load_t` (`load_id`) ON DELETE CASCADE ON UPDATE CASCADE;

--
-- Constraints for table `student_load_t`
--
ALTER TABLE `student_load_t`
  ADD CONSTRAINT `load_class_fk` FOREIGN KEY (`class_id`) REFERENCES `class_t` (`class_id`) ON DELETE CASCADE ON UPDATE CASCADE,
  ADD CONSTRAINT `student_load_t_ibfk_1` FOREIGN KEY (`reg_no`) REFERENCES `student_registration_t` (`reg_no`) ON DELETE CASCADE ON UPDATE CASCADE;

--
-- Constraints for table `student_members_t`
--
ALTER TABLE `student_members_t`
  ADD CONSTRAINT `student_members_t_ibfk_1` FOREIGN KEY (`student_id`) REFERENCES `student_t` (`student_id`) ON DELETE CASCADE ON UPDATE CASCADE,
  ADD CONSTRAINT `student_members_t_ibfk_3` FOREIGN KEY (`account_no`) REFERENCES `account_t` (`account_no`) ON DELETE CASCADE ON UPDATE CASCADE,
  ADD CONSTRAINT `student_members_t_ibfk_4` FOREIGN KEY (`member_id`) REFERENCES `member_t` (`member_id`) ON DELETE CASCADE ON UPDATE CASCADE;

--
-- Constraints for table `student_registration_t`
--
ALTER TABLE `student_registration_t`
  ADD CONSTRAINT `reg_sem_fk` FOREIGN KEY (`sem_id`) REFERENCES `semester_t` (`sem_id`) ON DELETE CASCADE ON UPDATE CASCADE,
  ADD CONSTRAINT `reg_stud_fk` FOREIGN KEY (`student_id`) REFERENCES `student_t` (`student_id`) ON DELETE CASCADE ON UPDATE CASCADE,
  ADD CONSTRAINT `student_registration_t_ibfk_1` FOREIGN KEY (`course_code`) REFERENCES `course_t` (`course_code`) ON DELETE CASCADE ON UPDATE CASCADE;

/*!40101 SET CHARACTER_SET_CLIENT=@OLD_CHARACTER_SET_CLIENT */;
/*!40101 SET CHARACTER_SET_RESULTS=@OLD_CHARACTER_SET_RESULTS */;
/*!40101 SET COLLATION_CONNECTION=@OLD_COLLATION_CONNECTION */;
